TimeUTC,timestampInMs,requestPath,requestMethod,requestQueryString,responseStatusCode,requestId,requestUserAgent,level,environment,branch,vercelCache,type,function,host,deploymentDomain,deploymentId,durationMs,region,maxMemoryUsed,memorySize,message,projectId,traceId,sessionId,invocationId,instanceId,concurrency
2026-02-24 16:21:31,1771950091181,gcgyms.com/sw.js,GET,,307,95t5f-1771950091181-6e10022ae37a,"Mozilla/5.0 (Linux; Android 10; K) AppleWebKit/537.36 (KHTML, like Gecko) Chrome/145.0.0.0 Mobile Safari/537.36",,production,main,,middleware,/_middleware,gcgyms.com,coach-qwq7kju50-adamswbrowns-projects.vercel.app,dpl_5Zyw9UsEzUZc7g4LyXnNPADhPCaV,8,lhr1,251,2048,,prj_PAwuZqUlS4eGx1sCEhCWZXzRjYGY,,,01KJ879AXRS4ZV4AS5S8S82FEJ,fyRjKgEWKwXP,1
2026-02-24 16:21:31,1771950091181,gcgyms.com/sw.js,GET,,307,95t5f-1771950091181-6e10022ae37a,"Mozilla/5.0 (Linux; Android 10; K) AppleWebKit/537.36 (KHTML, like Gecko) Chrome/145.0.0.0 Mobile Safari/537.36",,production,main,,redirect,/sw.js,gcgyms.com,coach-qwq7kju50-adamswbrowns-projects.vercel.app,dpl_5Zyw9UsEzUZc7g4LyXnNPADhPCaV,34,lhr1,,,,prj_PAwuZqUlS4eGx1sCEhCWZXzRjYGY,,,,,
2026-02-24 16:21:29,1771950089167,gcgyms.com/api/auth/error,GET,error=Configuration&nxtPnextauth=error,500,fl2fz-1771950089167-1fd3732378cc,"Mozilla/5.0 (Linux; Android 10; K) AppleWebKit/537.36 (KHTML, like Gecko) Chrome/145.0.0.0 Mobile Safari/537.36",,production,main,MISS,function,/api/auth/[...nextauth],gcgyms.com,coach-qwq7kju50-adamswbrowns-projects.vercel.app,dpl_5Zyw9UsEzUZc7g4LyXnNPADhPCaV,59,iad1,274,2048,,prj_PAwuZqUlS4eGx1sCEhCWZXzRjYGY,,,01KJ87990RBJX5495MSF7MVAF9,PyxC98hcCVMR,1
2026-02-24 16:21:29,1771950089167,gcgyms.com/api/auth/error,GET,error=Configuration&nxtPnextauth=error,500,fl2fz-1771950089167-1fd3732378cc,"Mozilla/5.0 (Linux; Android 10; K) AppleWebKit/537.36 (KHTML, like Gecko) Chrome/145.0.0.0 Mobile Safari/537.36",,production,main,MISS,middleware,/_middleware,gcgyms.com,coach-qwq7kju50-adamswbrowns-projects.vercel.app,dpl_5Zyw9UsEzUZc7g4LyXnNPADhPCaV,7,lhr1,250,2048,,prj_PAwuZqUlS4eGx1sCEhCWZXzRjYGY,,,01KJ8798YV0THD8E38BSZTAC2K,fyRjKgEWKwXP,1
2026-02-24 16:21:00,1771950060614,gcgyms.com/cohorts,GET,_rsc=lqwg7,200,gxdnh-1771950060614-43606cd66ef3,"Mozilla/5.0 (Macintosh; Intel Mac OS X 10_15_7) AppleWebKit/605.1.15 (KHTML, like Gecko) Version/26.3 Safari/605.1.15",,production,main,HIT,middleware,/_middleware,gcgyms.com,coach-qwq7kju50-adamswbrowns-projects.vercel.app,dpl_5Zyw9UsEzUZc7g4LyXnNPADhPCaV,7,lhr1,249,2048,,prj_PAwuZqUlS4eGx1sCEhCWZXzRjYGY,,,01KJ878D2C7T0BGD9H2VS0NSY9,fyRjKgEWKwXP,1
2026-02-24 16:21:00,1771950060614,gcgyms.com/cohorts,GET,_rsc=lqwg7,200,gxdnh-1771950060614-43606cd66ef3,"Mozilla/5.0 (Macintosh; Intel Mac OS X 10_15_7) AppleWebKit/605.1.15 (KHTML, like Gecko) Version/26.3 Safari/605.1.15",,production,main,HIT,static,/cohorts.segments/cohorts/__PAGE__.segment,gcgyms.com,coach-qwq7kju50-adamswbrowns-projects.vercel.app,dpl_5Zyw9UsEzUZc7g4LyXnNPADhPCaV,459,lhr1,,,,prj_PAwuZqUlS4eGx1sCEhCWZXzRjYGY,,,,,
2026-02-24 16:21:00,1771950060565,gcgyms.com/cohorts,GET,_rsc=tef1g,200,4xch2-1771950060565-af44c132893d,"Mozilla/5.0 (Macintosh; Intel Mac OS X 10_15_7) AppleWebKit/605.1.15 (KHTML, like Gecko) Version/26.3 Safari/605.1.15",,production,main,HIT,middleware,/_middleware,gcgyms.com,coach-qwq7kju50-adamswbrowns-projects.vercel.app,dpl_5Zyw9UsEzUZc7g4LyXnNPADhPCaV,7,lhr1,248,2048,,prj_PAwuZqUlS4eGx1sCEhCWZXzRjYGY,,,01KJ878D1V487A2YZ1NQZSWDE8,fyRjKgEWKwXP,1
2026-02-24 16:21:00,1771950060565,gcgyms.com/cohorts,GET,_rsc=tef1g,200,4xch2-1771950060565-af44c132893d,"Mozilla/5.0 (Macintosh; Intel Mac OS X 10_15_7) AppleWebKit/605.1.15 (KHTML, like Gecko) Version/26.3 Safari/605.1.15",,production,main,HIT,static,/cohorts.segments/_head.segment,gcgyms.com,coach-qwq7kju50-adamswbrowns-projects.vercel.app,dpl_5Zyw9UsEzUZc7g4LyXnNPADhPCaV,439,lhr1,,,,prj_PAwuZqUlS4eGx1sCEhCWZXzRjYGY,,,,,
2026-02-24 16:21:00,1771950060564,gcgyms.com/cohorts,GET,_rsc=18d90,200,wsp9b-1771950060564-b99643b4500a,"Mozilla/5.0 (Macintosh; Intel Mac OS X 10_15_7) AppleWebKit/605.1.15 (KHTML, like Gecko) Version/26.3 Safari/605.1.15",,production,main,HIT,middleware,/_middleware,gcgyms.com,coach-qwq7kju50-adamswbrowns-projects.vercel.app,dpl_5Zyw9UsEzUZc7g4LyXnNPADhPCaV,8,lhr1,248,2048,,prj_PAwuZqUlS4eGx1sCEhCWZXzRjYGY,,,01KJ878D0TNT3Q0Y7BRBVC760R,fyRjKgEWKwXP,1
2026-02-24 16:21:00,1771950060564,gcgyms.com/cohorts,GET,_rsc=18d90,200,wsp9b-1771950060564-b99643b4500a,"Mozilla/5.0 (Macintosh; Intel Mac OS X 10_15_7) AppleWebKit/605.1.15 (KHTML, like Gecko) Version/26.3 Safari/605.1.15",,production,main,HIT,static,/cohorts.segments/cohorts.segment,gcgyms.com,coach-qwq7kju50-adamswbrowns-projects.vercel.app,dpl_5Zyw9UsEzUZc7g4LyXnNPADhPCaV,326,lhr1,,,,prj_PAwuZqUlS4eGx1sCEhCWZXzRjYGY,,,,,
2026-02-24 16:21:00,1771950060512,gcgyms.com/cohorts/7c50ae8c-d20b-4783-a77b-39e0480baddd,GET,_rsc=1rr95&nxtPid=7c50ae8c-d20b-4783-a77b-39e0480baddd,200,n67gh-1771950060512-00490ffa73e4,"Mozilla/5.0 (Macintosh; Intel Mac OS X 10_15_7) AppleWebKit/605.1.15 (KHTML, like Gecko) Version/26.3 Safari/605.1.15",,production,main,MISS,function,/cohorts/[id].rsc,gcgyms.com,coach-qwq7kju50-adamswbrowns-projects.vercel.app,dpl_5Zyw9UsEzUZc7g4LyXnNPADhPCaV,20,iad1,258,2048,,prj_PAwuZqUlS4eGx1sCEhCWZXzRjYGY,,,01KJ878D33Q7TX6R2CKKZTHKJ9,QsCpB1ZPregb,1
2026-02-24 16:21:00,1771950060512,gcgyms.com/cohorts/7c50ae8c-d20b-4783-a77b-39e0480baddd,GET,_rsc=1rr95&nxtPid=7c50ae8c-d20b-4783-a77b-39e0480baddd,200,n67gh-1771950060512-00490ffa73e4,"Mozilla/5.0 (Macintosh; Intel Mac OS X 10_15_7) AppleWebKit/605.1.15 (KHTML, like Gecko) Version/26.3 Safari/605.1.15",,production,main,MISS,middleware,/_middleware,gcgyms.com,coach-qwq7kju50-adamswbrowns-projects.vercel.app,dpl_5Zyw9UsEzUZc7g4LyXnNPADhPCaV,8,lhr1,247,2048,,prj_PAwuZqUlS4eGx1sCEhCWZXzRjYGY,,,01KJ878CZH4EBS15XCKG2TCV4T,fyRjKgEWKwXP,1
2026-02-24 16:21:00,1771950060454,gcgyms.com/clients/15e3392a-171a-487b-bdc8-8d6177e5e42d,GET,_rsc=1rr95&nxtPid=15e3392a-171a-487b-bdc8-8d6177e5e42d,200,q2mg6-1771950060454-b5d40cf511a7,"Mozilla/5.0 (Macintosh; Intel Mac OS X 10_15_7) AppleWebKit/605.1.15 (KHTML, like Gecko) Version/26.3 Safari/605.1.15",,production,main,MISS,function,/clients/[id].rsc,gcgyms.com,coach-qwq7kju50-adamswbrowns-projects.vercel.app,dpl_5Zyw9UsEzUZc7g4LyXnNPADhPCaV,13,iad1,257,2048,,prj_PAwuZqUlS4eGx1sCEhCWZXzRjYGY,,,01KJ878CZ6XTJ63FKFQWTB3M3F,QsCpB1ZPregb,1
2026-02-24 16:21:00,1771950060454,gcgyms.com/clients/15e3392a-171a-487b-bdc8-8d6177e5e42d,GET,_rsc=1rr95&nxtPid=15e3392a-171a-487b-bdc8-8d6177e5e42d,200,q2mg6-1771950060454-b5d40cf511a7,"Mozilla/5.0 (Macintosh; Intel Mac OS X 10_15_7) AppleWebKit/605.1.15 (KHTML, like Gecko) Version/26.3 Safari/605.1.15",,production,main,MISS,middleware,/_middleware,gcgyms.com,coach-qwq7kju50-adamswbrowns-projects.vercel.app,dpl_5Zyw9UsEzUZc7g4LyXnNPADhPCaV,7,lhr1,247,2048,,prj_PAwuZqUlS4eGx1sCEhCWZXzRjYGY,,,01KJ878CXBRJY1Y4443KPYHD67,fyRjKgEWKwXP,1
2026-02-24 16:21:00,1771950060406,gcgyms.com/clients/2aec8d5d-0500-44f6-91a9-3124532ac694,GET,_rsc=1rr95&nxtPid=2aec8d5d-0500-44f6-91a9-3124532ac694,200,gxdnh-1771950060406-30978cf70bb2,"Mozilla/5.0 (Macintosh; Intel Mac OS X 10_15_7) AppleWebKit/605.1.15 (KHTML, like Gecko) Version/26.3 Safari/605.1.15",,production,main,MISS,function,/clients/[id].rsc,gcgyms.com,coach-qwq7kju50-adamswbrowns-projects.vercel.app,dpl_5Zyw9UsEzUZc7g4LyXnNPADhPCaV,13,iad1,257,2048,,prj_PAwuZqUlS4eGx1sCEhCWZXzRjYGY,,,01KJ878CXZ3VSYT86SKKG1544R,QsCpB1ZPregb,1
2026-02-24 16:21:00,1771950060406,gcgyms.com/clients/2aec8d5d-0500-44f6-91a9-3124532ac694,GET,_rsc=1rr95&nxtPid=2aec8d5d-0500-44f6-91a9-3124532ac694,200,gxdnh-1771950060406-30978cf70bb2,"Mozilla/5.0 (Macintosh; Intel Mac OS X 10_15_7) AppleWebKit/605.1.15 (KHTML, like Gecko) Version/26.3 Safari/605.1.15",,production,main,MISS,middleware,/_middleware,gcgyms.com,coach-qwq7kju50-adamswbrowns-projects.vercel.app,dpl_5Zyw9UsEzUZc7g4LyXnNPADhPCaV,8,lhr1,247,2048,,prj_PAwuZqUlS4eGx1sCEhCWZXzRjYGY,,,01KJ878CVV18BNGRSMEB0VDER2,fyRjKgEWKwXP,1
2026-02-24 16:21:00,1771950060136,gcgyms.com/clients/15e3392a-171a-487b-bdc8-8d6177e5e42d,GET,_rsc=1cptf,200,slxss-1771950060136-7aa26f845f69,"Mozilla/5.0 (Macintosh; Intel Mac OS X 10_15_7) AppleWebKit/605.1.15 (KHTML, like Gecko) Version/26.3 Safari/605.1.15",,production,main,MISS,function,/clients/[id].rsc,gcgyms.com,coach-qwq7kju50-adamswbrowns-projects.vercel.app,dpl_5Zyw9UsEzUZc7g4LyXnNPADhPCaV,51,iad1,257,2048,,prj_PAwuZqUlS4eGx1sCEhCWZXzRjYGY,,,01KJ878CNCETXHX3Z051XKPRTC,QsCpB1ZPregb,1
2026-02-24 16:21:00,1771950060136,gcgyms.com/clients/15e3392a-171a-487b-bdc8-8d6177e5e42d,GET,_rsc=1cptf,200,slxss-1771950060136-7aa26f845f69,"Mozilla/5.0 (Macintosh; Intel Mac OS X 10_15_7) AppleWebKit/605.1.15 (KHTML, like Gecko) Version/26.3 Safari/605.1.15",,production,main,MISS,middleware,/_middleware,gcgyms.com,coach-qwq7kju50-adamswbrowns-projects.vercel.app,dpl_5Zyw9UsEzUZc7g4LyXnNPADhPCaV,7,lhr1,246,2048,,prj_PAwuZqUlS4eGx1sCEhCWZXzRjYGY,,,01KJ878CKF05A3BYK9XGFQ8G4B,fyRjKgEWKwXP,1
2026-02-24 16:21:00,1771950060134,gcgyms.com/cohorts/7c50ae8c-d20b-4783-a77b-39e0480baddd,GET,_rsc=1cptf&nxtPid=7c50ae8c-d20b-4783-a77b-39e0480baddd,200,b76s9-1771950060134-22e0b40e197f,"Mozilla/5.0 (Macintosh; Intel Mac OS X 10_15_7) AppleWebKit/605.1.15 (KHTML, like Gecko) Version/26.3 Safari/605.1.15",,production,main,MISS,function,/cohorts/[id].rsc,gcgyms.com,coach-qwq7kju50-adamswbrowns-projects.vercel.app,dpl_5Zyw9UsEzUZc7g4LyXnNPADhPCaV,23,iad1,257,2048,,prj_PAwuZqUlS4eGx1sCEhCWZXzRjYGY,,,01KJ878CVQBG98M8B06447HBZH,QsCpB1ZPregb,1
2026-02-24 16:21:00,1771950060134,gcgyms.com/cohorts/7c50ae8c-d20b-4783-a77b-39e0480baddd,GET,_rsc=1cptf&nxtPid=7c50ae8c-d20b-4783-a77b-39e0480baddd,200,b76s9-1771950060134-22e0b40e197f,"Mozilla/5.0 (Macintosh; Intel Mac OS X 10_15_7) AppleWebKit/605.1.15 (KHTML, like Gecko) Version/26.3 Safari/605.1.15",,production,main,MISS,middleware,/_middleware,gcgyms.com,coach-qwq7kju50-adamswbrowns-projects.vercel.app,dpl_5Zyw9UsEzUZc7g4LyXnNPADhPCaV,6,lhr1,254,2048,,prj_PAwuZqUlS4eGx1sCEhCWZXzRjYGY,,,01KJ878CKB30QKHQ2RVW0GP8ZV,Df7rbvpZJzVu,1
2026-02-24 16:21:00,1771950060132,gcgyms.com/clients/2aec8d5d-0500-44f6-91a9-3124532ac694,GET,_rsc=1cptf&nxtPid=2aec8d5d-0500-44f6-91a9-3124532ac694,200,xcrng-1771950060132-3dc73ba1d1ff,"Mozilla/5.0 (Macintosh; Intel Mac OS X 10_15_7) AppleWebKit/605.1.15 (KHTML, like Gecko) Version/26.3 Safari/605.1.15",,production,main,MISS,function,/clients/[id].rsc,gcgyms.com,coach-qwq7kju50-adamswbrowns-projects.vercel.app,dpl_5Zyw9UsEzUZc7g4LyXnNPADhPCaV,129,iad1,255,2048,,prj_PAwuZqUlS4eGx1sCEhCWZXzRjYGY,,,01KJ878CND7E4S415BTTX9EH81,QsCpB1ZPregb,1
2026-02-24 16:21:00,1771950060132,gcgyms.com/clients/2aec8d5d-0500-44f6-91a9-3124532ac694,GET,_rsc=1cptf&nxtPid=2aec8d5d-0500-44f6-91a9-3124532ac694,200,xcrng-1771950060132-3dc73ba1d1ff,"Mozilla/5.0 (Macintosh; Intel Mac OS X 10_15_7) AppleWebKit/605.1.15 (KHTML, like Gecko) Version/26.3 Safari/605.1.15",,production,main,MISS,middleware,/_middleware,gcgyms.com,coach-qwq7kju50-adamswbrowns-projects.vercel.app,dpl_5Zyw9UsEzUZc7g4LyXnNPADhPCaV,6,lhr1,252,2048,,prj_PAwuZqUlS4eGx1sCEhCWZXzRjYGY,,,01KJ878CK8S9T6VS9P9XKYH01Y,b5c64bTOd2Mr,1
2026-02-24 16:21:00,1771950060132,gcgyms.com/cohorts,GET,_rsc=1cptf,200,lcpfk-1771950060132-ecdab3584240,"Mozilla/5.0 (Macintosh; Intel Mac OS X 10_15_7) AppleWebKit/605.1.15 (KHTML, like Gecko) Version/26.3 Safari/605.1.15",,production,main,HIT,middleware,/_middleware,gcgyms.com,coach-qwq7kju50-adamswbrowns-projects.vercel.app,dpl_5Zyw9UsEzUZc7g4LyXnNPADhPCaV,8,lhr1,251,2048,,prj_PAwuZqUlS4eGx1sCEhCWZXzRjYGY,,,01KJ878CK8S9T6VS9P9ZD881RM,oG9YIo6GJq16,1
2026-02-24 16:21:00,1771950060132,gcgyms.com/cohorts,GET,_rsc=1cptf,200,lcpfk-1771950060132-ecdab3584240,"Mozilla/5.0 (Macintosh; Intel Mac OS X 10_15_7) AppleWebKit/605.1.15 (KHTML, like Gecko) Version/26.3 Safari/605.1.15",,production,main,HIT,static,/cohorts.segments/_tree.segment,gcgyms.com,coach-qwq7kju50-adamswbrowns-projects.vercel.app,dpl_5Zyw9UsEzUZc7g4LyXnNPADhPCaV,387,lhr1,,,,prj_PAwuZqUlS4eGx1sCEhCWZXzRjYGY,,,,,
2026-02-24 16:20:56,1771950056291,gcgyms.com/coach-dashboard,GET,_rsc=xaqb0,200,xcrng-1771950056291-2691bd340c07,"Mozilla/5.0 (Macintosh; Intel Mac OS X 10_15_7) AppleWebKit/605.1.15 (KHTML, like Gecko) Version/26.3 Safari/605.1.15",,production,main,HIT,middleware,/_middleware,gcgyms.com,coach-qwq7kju50-adamswbrowns-projects.vercel.app,dpl_5Zyw9UsEzUZc7g4LyXnNPADhPCaV,8,lhr1,250,2048,,prj_PAwuZqUlS4eGx1sCEhCWZXzRjYGY,,,01KJ8788VMPA22M6N8QY6REYY6,b5c64bTOd2Mr,1
2026-02-24 16:20:56,1771950056291,gcgyms.com/coach-dashboard,GET,_rsc=xaqb0,200,xcrng-1771950056291-2691bd340c07,"Mozilla/5.0 (Macintosh; Intel Mac OS X 10_15_7) AppleWebKit/605.1.15 (KHTML, like Gecko) Version/26.3 Safari/605.1.15",,production,main,HIT,static,/coach-dashboard.segments/coach-dashboard/__PAGE__.segment,gcgyms.com,coach-qwq7kju50-adamswbrowns-projects.vercel.app,dpl_5Zyw9UsEzUZc7g4LyXnNPADhPCaV,343,lhr1,,,,prj_PAwuZqUlS4eGx1sCEhCWZXzRjYGY,,,,,
2026-02-24 16:20:56,1771950056282,gcgyms.com/coach-dashboard,GET,_rsc=9toym,200,trqf7-1771950056282-a42dc16179cf,"Mozilla/5.0 (Macintosh; Intel Mac OS X 10_15_7) AppleWebKit/605.1.15 (KHTML, like Gecko) Version/26.3 Safari/605.1.15",,production,main,HIT,middleware,/_middleware,gcgyms.com,coach-qwq7kju50-adamswbrowns-projects.vercel.app,dpl_5Zyw9UsEzUZc7g4LyXnNPADhPCaV,6,lhr1,254,2048,,prj_PAwuZqUlS4eGx1sCEhCWZXzRjYGY,,,01KJ8788TX32ZD19D2238ZR10C,Df7rbvpZJzVu,1
2026-02-24 16:20:56,1771950056282,gcgyms.com/coach-dashboard,GET,_rsc=9toym,200,trqf7-1771950056282-a42dc16179cf,"Mozilla/5.0 (Macintosh; Intel Mac OS X 10_15_7) AppleWebKit/605.1.15 (KHTML, like Gecko) Version/26.3 Safari/605.1.15",,production,main,HIT,static,/coach-dashboard.segments/coach-dashboard.segment,gcgyms.com,coach-qwq7kju50-adamswbrowns-projects.vercel.app,dpl_5Zyw9UsEzUZc7g4LyXnNPADhPCaV,373,lhr1,,,,prj_PAwuZqUlS4eGx1sCEhCWZXzRjYGY,,,,,
2026-02-24 16:20:56,1771950056282,gcgyms.com/coach-dashboard,GET,_rsc=10z2q,200,rfjrm-1771950056282-652e3149f208,"Mozilla/5.0 (Macintosh; Intel Mac OS X 10_15_7) AppleWebKit/605.1.15 (KHTML, like Gecko) Version/26.3 Safari/605.1.15",,production,main,HIT,middleware,/_middleware,gcgyms.com,coach-qwq7kju50-adamswbrowns-projects.vercel.app,dpl_5Zyw9UsEzUZc7g4LyXnNPADhPCaV,9,lhr1,248,2048,,prj_PAwuZqUlS4eGx1sCEhCWZXzRjYGY,,,01KJ8788V2845G87R7PW18F9CG,b5c64bTOd2Mr,1
2026-02-24 16:20:56,1771950056282,gcgyms.com/coach-dashboard,GET,_rsc=10z2q,200,rfjrm-1771950056282-652e3149f208,"Mozilla/5.0 (Macintosh; Intel Mac OS X 10_15_7) AppleWebKit/605.1.15 (KHTML, like Gecko) Version/26.3 Safari/605.1.15",,production,main,HIT,static,/coach-dashboard.segments/_index.segment,gcgyms.com,coach-qwq7kju50-adamswbrowns-projects.vercel.app,dpl_5Zyw9UsEzUZc7g4LyXnNPADhPCaV,395,lhr1,,,,prj_PAwuZqUlS4eGx1sCEhCWZXzRjYGY,,,,,
2026-02-24 16:20:56,1771950056282,gcgyms.com/coach-dashboard,GET,_rsc=tef1g,200,kwfrg-1771950056282-c0a0f10bc67d,"Mozilla/5.0 (Macintosh; Intel Mac OS X 10_15_7) AppleWebKit/605.1.15 (KHTML, like Gecko) Version/26.3 Safari/605.1.15",,production,main,HIT,middleware,/_middleware,gcgyms.com,coach-qwq7kju50-adamswbrowns-projects.vercel.app,dpl_5Zyw9UsEzUZc7g4LyXnNPADhPCaV,7,lhr1,251,2048,,prj_PAwuZqUlS4eGx1sCEhCWZXzRjYGY,,,01KJ8788V43F3ZPFZX436RDM15,oG9YIo6GJq16,1
2026-02-24 16:20:56,1771950056282,gcgyms.com/coach-dashboard,GET,_rsc=tef1g,200,kwfrg-1771950056282-c0a0f10bc67d,"Mozilla/5.0 (Macintosh; Intel Mac OS X 10_15_7) AppleWebKit/605.1.15 (KHTML, like Gecko) Version/26.3 Safari/605.1.15",,production,main,HIT,static,/coach-dashboard.segments/_head.segment,gcgyms.com,coach-qwq7kju50-adamswbrowns-projects.vercel.app,dpl_5Zyw9UsEzUZc7g4LyXnNPADhPCaV,377,lhr1,,,,prj_PAwuZqUlS4eGx1sCEhCWZXzRjYGY,,,,,
2026-02-24 16:20:56,1771950056503,gcgyms.com/api/cohorts,GET,,200,f9wbr-1771950055961-189770a424b9,"Mozilla/5.0 (Macintosh; Intel Mac OS X 10_15_7) AppleWebKit/605.1.15 (KHTML, like Gecko) Version/26.3 Safari/605.1.15",info,production,main,MISS,function,/api/cohorts,gcgyms.com,gcgyms.com,dpl_5Zyw9UsEzUZc7g4LyXnNPADhPCaV,,,,,"[AUTH JWT] Called with: {
  hasUser: false,
  userId: undefined,
  userEmail: undefined,
  userRoles: undefined,
  existingTokenId: '4772834a-30d5-4d72-883a-a3480e88f52f',
  existingTokenRoles: [ 'ADMIN', 'COACH' ]
}",prj_PAwuZqUlS4eGx1sCEhCWZXzRjYGY,,,,,
2026-02-24 16:20:56,1771950056503,gcgyms.com/api/cohorts,GET,,200,f9wbr-1771950055961-189770a424b9,"Mozilla/5.0 (Macintosh; Intel Mac OS X 10_15_7) AppleWebKit/605.1.15 (KHTML, like Gecko) Version/26.3 Safari/605.1.15",info,production,main,MISS,function,/api/cohorts,gcgyms.com,gcgyms.com,dpl_5Zyw9UsEzUZc7g4LyXnNPADhPCaV,,,,,"[AUTH JWT] Final token roles: [ 'ADMIN', 'COACH' ]",prj_PAwuZqUlS4eGx1sCEhCWZXzRjYGY,,,,,
2026-02-24 16:20:56,1771950056503,gcgyms.com/api/cohorts,GET,,200,f9wbr-1771950055961-189770a424b9,"Mozilla/5.0 (Macintosh; Intel Mac OS X 10_15_7) AppleWebKit/605.1.15 (KHTML, like Gecko) Version/26.3 Safari/605.1.15",info,production,main,MISS,function,/api/cohorts,gcgyms.com,gcgyms.com,dpl_5Zyw9UsEzUZc7g4LyXnNPADhPCaV,,,,,"[AUTH SESSION] Called with token: {
  tokenId: '4772834a-30d5-4d72-883a-a3480e88f52f',
  tokenRoles: [ 'ADMIN', 'COACH' ],
  tokenEmail: 'adamswbrown@gmail.com'
}",prj_PAwuZqUlS4eGx1sCEhCWZXzRjYGY,,,,,
2026-02-24 16:20:56,1771950056503,gcgyms.com/api/cohorts,GET,,200,f9wbr-1771950055961-189770a424b9,"Mozilla/5.0 (Macintosh; Intel Mac OS X 10_15_7) AppleWebKit/605.1.15 (KHTML, like Gecko) Version/26.3 Safari/605.1.15",info,production,main,MISS,function,/api/cohorts,gcgyms.com,gcgyms.com,dpl_5Zyw9UsEzUZc7g4LyXnNPADhPCaV,,,,,"[AUTH SESSION] Final session.user.roles: [ 'ADMIN', 'COACH' ]",prj_PAwuZqUlS4eGx1sCEhCWZXzRjYGY,,,,,
2026-02-24 16:20:55,1771950055961,gcgyms.com/api/cohorts,GET,,200,f9wbr-1771950055961-189770a424b9,"Mozilla/5.0 (Macintosh; Intel Mac OS X 10_15_7) AppleWebKit/605.1.15 (KHTML, like Gecko) Version/26.3 Safari/605.1.15",,production,main,MISS,function,/api/cohorts,gcgyms.com,gcgyms.com,dpl_5Zyw9UsEzUZc7g4LyXnNPADhPCaV,347,iad1,303,2048,,prj_PAwuZqUlS4eGx1sCEhCWZXzRjYGY,,,01KJ8788WXPZ03Y9YVEYGY3V2N,gyshtLteauNR,1
2026-02-24 16:20:55,1771950055961,gcgyms.com/api/cohorts,GET,,200,f9wbr-1771950055961-189770a424b9,"Mozilla/5.0 (Macintosh; Intel Mac OS X 10_15_7) AppleWebKit/605.1.15 (KHTML, like Gecko) Version/26.3 Safari/605.1.15",,production,main,MISS,middleware,/_middleware,gcgyms.com,gcgyms.com,dpl_5Zyw9UsEzUZc7g4LyXnNPADhPCaV,7,lhr1,254,2048,,prj_PAwuZqUlS4eGx1sCEhCWZXzRjYGY,,,01KJ8788GWP6TZFH43NRGTT05J,Df7rbvpZJzVu,1
2026-02-24 16:20:57,1771950057406,gcgyms.com/api/coach-dashboard/overview,GET,,200,8twff-1771950055951-5072a956c995,"Mozilla/5.0 (Macintosh; Intel Mac OS X 10_15_7) AppleWebKit/605.1.15 (KHTML, like Gecko) Version/26.3 Safari/605.1.15",info,production,main,MISS,function,/api/coach-dashboard/overview,gcgyms.com,gcgyms.com,dpl_5Zyw9UsEzUZc7g4LyXnNPADhPCaV,,,,,"[coach-dashboard/overview] All cookies: [
  { name: '__Secure-authjs.session-token', valueLen: 755 },
  { name: '__Secure-authjs.callback-url', valueLen: 28 },
  { name: '__Host-authjs.csrf-token', valueLen: 129 }
]",prj_PAwuZqUlS4eGx1sCEhCWZXzRjYGY,,,,,
2026-02-24 16:20:57,1771950057406,gcgyms.com/api/coach-dashboard/overview,GET,,200,8twff-1771950055951-5072a956c995,"Mozilla/5.0 (Macintosh; Intel Mac OS X 10_15_7) AppleWebKit/605.1.15 (KHTML, like Gecko) Version/26.3 Safari/605.1.15",info,production,main,MISS,function,/api/coach-dashboard/overview,gcgyms.com,gcgyms.com,dpl_5Zyw9UsEzUZc7g4LyXnNPADhPCaV,,,,,[coach-dashboard/overview] Session token cookie: found (eyJhbGciOiJkaXIiLCJl...),prj_PAwuZqUlS4eGx1sCEhCWZXzRjYGY,,,,,
2026-02-24 16:20:57,1771950057536,gcgyms.com/api/coach-dashboard/overview,GET,,200,8twff-1771950055951-5072a956c995,"Mozilla/5.0 (Macintosh; Intel Mac OS X 10_15_7) AppleWebKit/605.1.15 (KHTML, like Gecko) Version/26.3 Safari/605.1.15",info,production,main,MISS,function,/api/coach-dashboard/overview,gcgyms.com,gcgyms.com,dpl_5Zyw9UsEzUZc7g4LyXnNPADhPCaV,,,,,"[AUTH JWT] Called with: {
  hasUser: false,
  userId: undefined,
  userEmail: undefined,
  userRoles: undefined,
  existingTokenId: '4772834a-30d5-4d72-883a-a3480e88f52f',
  existingTokenRoles: [ 'ADMIN', 'COACH' ]
}",prj_PAwuZqUlS4eGx1sCEhCWZXzRjYGY,,,,,
2026-02-24 16:20:57,1771950057536,gcgyms.com/api/coach-dashboard/overview,GET,,200,8twff-1771950055951-5072a956c995,"Mozilla/5.0 (Macintosh; Intel Mac OS X 10_15_7) AppleWebKit/605.1.15 (KHTML, like Gecko) Version/26.3 Safari/605.1.15",info,production,main,MISS,function,/api/coach-dashboard/overview,gcgyms.com,gcgyms.com,dpl_5Zyw9UsEzUZc7g4LyXnNPADhPCaV,,,,,"[AUTH JWT] Final token roles: [ 'ADMIN', 'COACH' ]",prj_PAwuZqUlS4eGx1sCEhCWZXzRjYGY,,,,,
2026-02-24 16:20:57,1771950057536,gcgyms.com/api/coach-dashboard/overview,GET,,200,8twff-1771950055951-5072a956c995,"Mozilla/5.0 (Macintosh; Intel Mac OS X 10_15_7) AppleWebKit/605.1.15 (KHTML, like Gecko) Version/26.3 Safari/605.1.15",info,production,main,MISS,function,/api/coach-dashboard/overview,gcgyms.com,gcgyms.com,dpl_5Zyw9UsEzUZc7g4LyXnNPADhPCaV,,,,,"[AUTH SESSION] Called with token: {
  tokenId: '4772834a-30d5-4d72-883a-a3480e88f52f',
  tokenRoles: [ 'ADMIN', 'COACH' ],
  tokenEmail: 'adamswbrown@gmail.com'
}",prj_PAwuZqUlS4eGx1sCEhCWZXzRjYGY,,,,,
2026-02-24 16:20:57,1771950057536,gcgyms.com/api/coach-dashboard/overview,GET,,200,8twff-1771950055951-5072a956c995,"Mozilla/5.0 (Macintosh; Intel Mac OS X 10_15_7) AppleWebKit/605.1.15 (KHTML, like Gecko) Version/26.3 Safari/605.1.15",info,production,main,MISS,function,/api/coach-dashboard/overview,gcgyms.com,gcgyms.com,dpl_5Zyw9UsEzUZc7g4LyXnNPADhPCaV,,,,,"[AUTH SESSION] Final session.user.roles: [ 'ADMIN', 'COACH' ]",prj_PAwuZqUlS4eGx1sCEhCWZXzRjYGY,,,,,
2026-02-24 16:20:57,1771950057556,gcgyms.com/api/coach-dashboard/overview,GET,,200,8twff-1771950055951-5072a956c995,"Mozilla/5.0 (Macintosh; Intel Mac OS X 10_15_7) AppleWebKit/605.1.15 (KHTML, like Gecko) Version/26.3 Safari/605.1.15",info,production,main,MISS,function,/api/coach-dashboard/overview,gcgyms.com,gcgyms.com,dpl_5Zyw9UsEzUZc7g4LyXnNPADhPCaV,,,,,"[coach-dashboard/overview] Session check: {
  hasSession: true,
  hasUser: true,
  userId: '4772834a-30d5-4d72-883a-a3480e88f52f',
  userEmail: 'adamswbrown@gmail.com',
  userRoles: [ 'ADMIN', 'COACH' ]
}",prj_PAwuZqUlS4eGx1sCEhCWZXzRjYGY,,,,,
2026-02-24 16:20:57,1771950057556,gcgyms.com/api/coach-dashboard/overview,GET,,200,8twff-1771950055951-5072a956c995,"Mozilla/5.0 (Macintosh; Intel Mac OS X 10_15_7) AppleWebKit/605.1.15 (KHTML, like Gecko) Version/26.3 Safari/605.1.15",info,production,main,MISS,function,/api/coach-dashboard/overview,gcgyms.com,gcgyms.com,dpl_5Zyw9UsEzUZc7g4LyXnNPADhPCaV,,,,,Coach dashboard overview - starting query for: admin 4772834a-30d5-4d72-883a-a3480e88f52f,prj_PAwuZqUlS4eGx1sCEhCWZXzRjYGY,,,,,
2026-02-24 16:20:58,1771950058910,gcgyms.com/api/coach-dashboard/overview,GET,,200,8twff-1771950055951-5072a956c995,"Mozilla/5.0 (Macintosh; Intel Mac OS X 10_15_7) AppleWebKit/605.1.15 (KHTML, like Gecko) Version/26.3 Safari/605.1.15",info,production,main,MISS,function,/api/coach-dashboard/overview,gcgyms.com,gcgyms.com,dpl_5Zyw9UsEzUZc7g4LyXnNPADhPCaV,,,,,Coach dashboard - fetched cohorts: 1,prj_PAwuZqUlS4eGx1sCEhCWZXzRjYGY,,,,,
2026-02-24 16:20:55,1771950055951,gcgyms.com/api/coach-dashboard/overview,GET,,200,8twff-1771950055951-5072a956c995,"Mozilla/5.0 (Macintosh; Intel Mac OS X 10_15_7) AppleWebKit/605.1.15 (KHTML, like Gecko) Version/26.3 Safari/605.1.15",,production,main,MISS,middleware,/_middleware,gcgyms.com,gcgyms.com,dpl_5Zyw9UsEzUZc7g4LyXnNPADhPCaV,7,lhr1,248,2048,,prj_PAwuZqUlS4eGx1sCEhCWZXzRjYGY,,,01KJ8788GHQEZQ5J5DTBSZHNQY,b5c64bTOd2Mr,1
2026-02-24 16:20:55,1771950055951,gcgyms.com/api/coach-dashboard/overview,GET,,200,8twff-1771950055951-5072a956c995,"Mozilla/5.0 (Macintosh; Intel Mac OS X 10_15_7) AppleWebKit/605.1.15 (KHTML, like Gecko) Version/26.3 Safari/605.1.15",,production,main,MISS,function,/api/coach-dashboard/overview,gcgyms.com,gcgyms.com,dpl_5Zyw9UsEzUZc7g4LyXnNPADhPCaV,3047,iad1,273,2048,,prj_PAwuZqUlS4eGx1sCEhCWZXzRjYGY,,,01KJ8788TGCZMQ75X6AR8FB2SY,PyxC98hcCVMR,1
2026-02-24 16:20:56,1771950056283,gcgyms.com/api/admin/settings,GET,,200,4xch2-1771950055945-4b152ca0623d,"Mozilla/5.0 (Macintosh; Intel Mac OS X 10_15_7) AppleWebKit/605.1.15 (KHTML, like Gecko) Version/26.3 Safari/605.1.15",info,production,main,MISS,function,/api/admin/settings,gcgyms.com,gcgyms.com,dpl_5Zyw9UsEzUZc7g4LyXnNPADhPCaV,,,,,"[AUTH JWT] Called with: {
  hasUser: false,
  userId: undefined,
  userEmail: undefined,
  userRoles: undefined,
  existingTokenId: '4772834a-30d5-4d72-883a-a3480e88f52f',
  existingTokenRoles: [ 'ADMIN', 'COACH' ]
}",prj_PAwuZqUlS4eGx1sCEhCWZXzRjYGY,,,,,
2026-02-24 16:20:56,1771950056283,gcgyms.com/api/admin/settings,GET,,200,4xch2-1771950055945-4b152ca0623d,"Mozilla/5.0 (Macintosh; Intel Mac OS X 10_15_7) AppleWebKit/605.1.15 (KHTML, like Gecko) Version/26.3 Safari/605.1.15",info,production,main,MISS,function,/api/admin/settings,gcgyms.com,gcgyms.com,dpl_5Zyw9UsEzUZc7g4LyXnNPADhPCaV,,,,,"[AUTH JWT] Final token roles: [ 'ADMIN', 'COACH' ]",prj_PAwuZqUlS4eGx1sCEhCWZXzRjYGY,,,,,
2026-02-24 16:20:56,1771950056283,gcgyms.com/api/admin/settings,GET,,200,4xch2-1771950055945-4b152ca0623d,"Mozilla/5.0 (Macintosh; Intel Mac OS X 10_15_7) AppleWebKit/605.1.15 (KHTML, like Gecko) Version/26.3 Safari/605.1.15",info,production,main,MISS,function,/api/admin/settings,gcgyms.com,gcgyms.com,dpl_5Zyw9UsEzUZc7g4LyXnNPADhPCaV,,,,,"[AUTH SESSION] Called with token: {
  tokenId: '4772834a-30d5-4d72-883a-a3480e88f52f',
  tokenRoles: [ 'ADMIN', 'COACH' ],
  tokenEmail: 'adamswbrown@gmail.com'
}",prj_PAwuZqUlS4eGx1sCEhCWZXzRjYGY,,,,,
2026-02-24 16:20:56,1771950056283,gcgyms.com/api/admin/settings,GET,,200,4xch2-1771950055945-4b152ca0623d,"Mozilla/5.0 (Macintosh; Intel Mac OS X 10_15_7) AppleWebKit/605.1.15 (KHTML, like Gecko) Version/26.3 Safari/605.1.15",info,production,main,MISS,function,/api/admin/settings,gcgyms.com,gcgyms.com,dpl_5Zyw9UsEzUZc7g4LyXnNPADhPCaV,,,,,"[AUTH SESSION] Final session.user.roles: [ 'ADMIN', 'COACH' ]",prj_PAwuZqUlS4eGx1sCEhCWZXzRjYGY,,,,,
2026-02-24 16:20:55,1771950055945,gcgyms.com/api/admin/settings,GET,,200,4xch2-1771950055945-4b152ca0623d,"Mozilla/5.0 (Macintosh; Intel Mac OS X 10_15_7) AppleWebKit/605.1.15 (KHTML, like Gecko) Version/26.3 Safari/605.1.15",,production,main,MISS,function,/api/admin/settings,gcgyms.com,gcgyms.com,dpl_5Zyw9UsEzUZc7g4LyXnNPADhPCaV,221,iad1,297,2048,,prj_PAwuZqUlS4eGx1sCEhCWZXzRjYGY,,,01KJ8788RQGSSJ29Y1NA3RQS2H,gyshtLteauNR,1
2026-02-24 16:20:55,1771950055945,gcgyms.com/api/admin/settings,GET,,200,4xch2-1771950055945-4b152ca0623d,"Mozilla/5.0 (Macintosh; Intel Mac OS X 10_15_7) AppleWebKit/605.1.15 (KHTML, like Gecko) Version/26.3 Safari/605.1.15",,production,main,MISS,middleware,/_middleware,gcgyms.com,gcgyms.com,dpl_5Zyw9UsEzUZc7g4LyXnNPADhPCaV,6,lhr1,251,2048,,prj_PAwuZqUlS4eGx1sCEhCWZXzRjYGY,,,01KJ8788GDNJSTJ2GZPEKSMJC8,oG9YIo6GJq16,1
2026-02-24 16:20:55,1771950055942,gcgyms.com/coach-dashboard,GET,_rsc=1cptf,200,kwfrg-1771950055942-152ab666cda2,"Mozilla/5.0 (Macintosh; Intel Mac OS X 10_15_7) AppleWebKit/605.1.15 (KHTML, like Gecko) Version/26.3 Safari/605.1.15",,production,main,HIT,middleware,/_middleware,gcgyms.com,coach-qwq7kju50-adamswbrowns-projects.vercel.app,dpl_5Zyw9UsEzUZc7g4LyXnNPADhPCaV,6,lhr1,254,2048,,prj_PAwuZqUlS4eGx1sCEhCWZXzRjYGY,,,01KJ8788GAG9W6SE8MS3Y17TAT,Df7rbvpZJzVu,1
2026-02-24 16:20:55,1771950055942,gcgyms.com/coach-dashboard,GET,_rsc=1cptf,200,kwfrg-1771950055942-152ab666cda2,"Mozilla/5.0 (Macintosh; Intel Mac OS X 10_15_7) AppleWebKit/605.1.15 (KHTML, like Gecko) Version/26.3 Safari/605.1.15",,production,main,HIT,static,/coach-dashboard.segments/_tree.segment,gcgyms.com,coach-qwq7kju50-adamswbrowns-projects.vercel.app,dpl_5Zyw9UsEzUZc7g4LyXnNPADhPCaV,306,lhr1,,,,prj_PAwuZqUlS4eGx1sCEhCWZXzRjYGY,,,,,
2026-02-24 16:20:55,1771950055543,gcgyms.com/coach-dashboard,GET,_rsc=1h1b5,200,8twff-1771950055543-9b364fe6b594,"Mozilla/5.0 (Macintosh; Intel Mac OS X 10_15_7) AppleWebKit/605.1.15 (KHTML, like Gecko) Version/26.3 Safari/605.1.15",,production,main,HIT,middleware,/_middleware,gcgyms.com,coach-qwq7kju50-adamswbrowns-projects.vercel.app,dpl_5Zyw9UsEzUZc7g4LyXnNPADhPCaV,7,lhr1,250,2048,,prj_PAwuZqUlS4eGx1sCEhCWZXzRjYGY,,,01KJ87883W9QRWBKT4N7JZK3G9,oG9YIo6GJq16,1
2026-02-24 16:20:55,1771950055543,gcgyms.com/coach-dashboard,GET,_rsc=1h1b5,200,8twff-1771950055543-9b364fe6b594,"Mozilla/5.0 (Macintosh; Intel Mac OS X 10_15_7) AppleWebKit/605.1.15 (KHTML, like Gecko) Version/26.3 Safari/605.1.15",,production,main,HIT,static,/coach-dashboard,gcgyms.com,coach-qwq7kju50-adamswbrowns-projects.vercel.app,dpl_5Zyw9UsEzUZc7g4LyXnNPADhPCaV,200,lhr1,,,,prj_PAwuZqUlS4eGx1sCEhCWZXzRjYGY,,,,,
2026-02-24 16:20:55,1771950055468,gcgyms.com/,GET,,304,8twff-1771950055468-01abcab9a43b,"Mozilla/5.0 (Macintosh; Intel Mac OS X 10_15_7) AppleWebKit/605.1.15 (KHTML, like Gecko) Version/26.3 Safari/605.1.15",,production,main,HIT,middleware,/_middleware,gcgyms.com,coach-qwq7kju50-adamswbrowns-projects.vercel.app,dpl_5Zyw9UsEzUZc7g4LyXnNPADhPCaV,7,lhr1,254,2048,,prj_PAwuZqUlS4eGx1sCEhCWZXzRjYGY,,,01KJ87881HQXYVJGYZK7NX9DQR,Df7rbvpZJzVu,1
2026-02-24 16:20:55,1771950055468,gcgyms.com/,GET,,304,8twff-1771950055468-01abcab9a43b,"Mozilla/5.0 (Macintosh; Intel Mac OS X 10_15_7) AppleWebKit/605.1.15 (KHTML, like Gecko) Version/26.3 Safari/605.1.15",,production,main,HIT,static,/,gcgyms.com,coach-qwq7kju50-adamswbrowns-projects.vercel.app,dpl_5Zyw9UsEzUZc7g4LyXnNPADhPCaV,43,lhr1,,,,prj_PAwuZqUlS4eGx1sCEhCWZXzRjYGY,,,,,
2026-02-24 16:20:55,1771950055466,gcgyms.com/icons/icon-512x512.png,GET,,200,xf7tt-1771950055466-912aa424fe0a,"Mozilla/5.0 (Macintosh; Intel Mac OS X 10_15_7) AppleWebKit/605.1.15 (KHTML, like Gecko) Version/26.3 Safari/605.1.15",,production,main,HIT,middleware,/_middleware,gcgyms.com,coach-qwq7kju50-adamswbrowns-projects.vercel.app,dpl_5Zyw9UsEzUZc7g4LyXnNPADhPCaV,12,lhr1,244,2048,,prj_PAwuZqUlS4eGx1sCEhCWZXzRjYGY,,,01KJ87881E6RFBWTEX8H21YSQ5,fyRjKgEWKwXP,1
2026-02-24 16:20:55,1771950055466,gcgyms.com/icons/icon-512x512.png,GET,,200,xf7tt-1771950055466-912aa424fe0a,"Mozilla/5.0 (Macintosh; Intel Mac OS X 10_15_7) AppleWebKit/605.1.15 (KHTML, like Gecko) Version/26.3 Safari/605.1.15",,production,main,HIT,static,/icons/icon-512x512.png,gcgyms.com,coach-qwq7kju50-adamswbrowns-projects.vercel.app,dpl_5Zyw9UsEzUZc7g4LyXnNPADhPCaV,34,lhr1,,,,prj_PAwuZqUlS4eGx1sCEhCWZXzRjYGY,,,,,
2026-02-24 16:20:55,1771950055466,gcgyms.com/icons/apple-touch-icon.png,GET,,200,q9s8b-1771950055466-c690a254db4e,"Mozilla/5.0 (Macintosh; Intel Mac OS X 10_15_7) AppleWebKit/605.1.15 (KHTML, like Gecko) Version/26.3 Safari/605.1.15",,production,main,HIT,middleware,/_middleware,gcgyms.com,coach-qwq7kju50-adamswbrowns-projects.vercel.app,dpl_5Zyw9UsEzUZc7g4LyXnNPADhPCaV,7,lhr1,250,2048,,prj_PAwuZqUlS4eGx1sCEhCWZXzRjYGY,,,01KJ87881V401TJC27E9RN2SX2,oG9YIo6GJq16,1
2026-02-24 16:20:55,1771950055466,gcgyms.com/icons/apple-touch-icon.png,GET,,200,q9s8b-1771950055466-c690a254db4e,"Mozilla/5.0 (Macintosh; Intel Mac OS X 10_15_7) AppleWebKit/605.1.15 (KHTML, like Gecko) Version/26.3 Safari/605.1.15",,production,main,HIT,static,/icons/apple-touch-icon.png,gcgyms.com,coach-qwq7kju50-adamswbrowns-projects.vercel.app,dpl_5Zyw9UsEzUZc7g4LyXnNPADhPCaV,36,lhr1,,,,prj_PAwuZqUlS4eGx1sCEhCWZXzRjYGY,,,,,
2026-02-24 16:20:55,1771950055465,gcgyms.com/login,GET,,200,trqf7-1771950055465-c5510fc8df29,"Mozilla/5.0 (Macintosh; Intel Mac OS X 10_15_7) AppleWebKit/605.1.15 (KHTML, like Gecko) Version/26.3 Safari/605.1.15",,production,main,HIT,middleware,/_middleware,gcgyms.com,coach-qwq7kju50-adamswbrowns-projects.vercel.app,dpl_5Zyw9UsEzUZc7g4LyXnNPADhPCaV,6,lhr1,254,2048,,prj_PAwuZqUlS4eGx1sCEhCWZXzRjYGY,,,01KJ87881D4P9M3TP13V6JSBWJ,Df7rbvpZJzVu,1
2026-02-24 16:20:55,1771950055465,gcgyms.com/login,GET,,200,trqf7-1771950055465-c5510fc8df29,"Mozilla/5.0 (Macintosh; Intel Mac OS X 10_15_7) AppleWebKit/605.1.15 (KHTML, like Gecko) Version/26.3 Safari/605.1.15",,production,main,HIT,static,/login,gcgyms.com,coach-qwq7kju50-adamswbrowns-projects.vercel.app,dpl_5Zyw9UsEzUZc7g4LyXnNPADhPCaV,26,lhr1,,,,prj_PAwuZqUlS4eGx1sCEhCWZXzRjYGY,,,,,
2026-02-24 16:20:55,1771950055465,gcgyms.com/manifest.json,GET,,304,kwfrg-1771950055465-cdbeffee8888,"Mozilla/5.0 (Macintosh; Intel Mac OS X 10_15_7) AppleWebKit/605.1.15 (KHTML, like Gecko) Version/26.3 Safari/605.1.15",,production,main,HIT,middleware,/_middleware,gcgyms.com,coach-qwq7kju50-adamswbrowns-projects.vercel.app,dpl_5Zyw9UsEzUZc7g4LyXnNPADhPCaV,7,lhr1,250,2048,,prj_PAwuZqUlS4eGx1sCEhCWZXzRjYGY,,,01KJ87881D4P9M3TP13QCHASH3,oG9YIo6GJq16,1
2026-02-24 16:20:55,1771950055465,gcgyms.com/manifest.json,GET,,304,kwfrg-1771950055465-cdbeffee8888,"Mozilla/5.0 (Macintosh; Intel Mac OS X 10_15_7) AppleWebKit/605.1.15 (KHTML, like Gecko) Version/26.3 Safari/605.1.15",,production,main,HIT,static,/manifest.json,gcgyms.com,coach-qwq7kju50-adamswbrowns-projects.vercel.app,dpl_5Zyw9UsEzUZc7g4LyXnNPADhPCaV,23,lhr1,,,,prj_PAwuZqUlS4eGx1sCEhCWZXzRjYGY,,,,,
2026-02-24 16:20:55,1771950055465,gcgyms.com/icons/icon-192x192.png,GET,,200,k7jj9-1771950055465-6db2e81362cd,"Mozilla/5.0 (Macintosh; Intel Mac OS X 10_15_7) AppleWebKit/605.1.15 (KHTML, like Gecko) Version/26.3 Safari/605.1.15",,production,main,HIT,middleware,/_middleware,gcgyms.com,coach-qwq7kju50-adamswbrowns-projects.vercel.app,dpl_5Zyw9UsEzUZc7g4LyXnNPADhPCaV,9,lhr1,247,2048,,prj_PAwuZqUlS4eGx1sCEhCWZXzRjYGY,,,01KJ87881E6RFBWTEX8FSHWVCY,b5c64bTOd2Mr,1
2026-02-24 16:20:55,1771950055465,gcgyms.com/icons/icon-192x192.png,GET,,200,k7jj9-1771950055465-6db2e81362cd,"Mozilla/5.0 (Macintosh; Intel Mac OS X 10_15_7) AppleWebKit/605.1.15 (KHTML, like Gecko) Version/26.3 Safari/605.1.15",,production,main,HIT,static,/icons/icon-192x192.png,gcgyms.com,coach-qwq7kju50-adamswbrowns-projects.vercel.app,dpl_5Zyw9UsEzUZc7g4LyXnNPADhPCaV,34,lhr1,,,,prj_PAwuZqUlS4eGx1sCEhCWZXzRjYGY,,,,,
2026-02-24 16:20:55,1771950055465,gcgyms.com/dashboard,GET,,200,f9wbr-1771950055465-2a4d3ff7d7af,"Mozilla/5.0 (Macintosh; Intel Mac OS X 10_15_7) AppleWebKit/605.1.15 (KHTML, like Gecko) Version/26.3 Safari/605.1.15",,production,main,HIT,middleware,/_middleware,gcgyms.com,coach-qwq7kju50-adamswbrowns-projects.vercel.app,dpl_5Zyw9UsEzUZc7g4LyXnNPADhPCaV,9,lhr1,247,2048,,prj_PAwuZqUlS4eGx1sCEhCWZXzRjYGY,,,01KJ87881CSZCJ32FBDDQ4M446,b5c64bTOd2Mr,1
2026-02-24 16:20:55,1771950055465,gcgyms.com/dashboard,GET,,200,f9wbr-1771950055465-2a4d3ff7d7af,"Mozilla/5.0 (Macintosh; Intel Mac OS X 10_15_7) AppleWebKit/605.1.15 (KHTML, like Gecko) Version/26.3 Safari/605.1.15",,production,main,HIT,static,/dashboard,gcgyms.com,coach-qwq7kju50-adamswbrowns-projects.vercel.app,dpl_5Zyw9UsEzUZc7g4LyXnNPADhPCaV,22,lhr1,,,,prj_PAwuZqUlS4eGx1sCEhCWZXzRjYGY,,,,,
2026-02-24 16:20:55,1771950055389,gcgyms.com/coach-dashboard,GET,_rsc=1h1b5,200,kzdmp-1771950055389-ae042a069f91,"Mozilla/5.0 (Macintosh; Intel Mac OS X 10_15_7) AppleWebKit/605.1.15 (KHTML, like Gecko) Version/26.3 Safari/605.1.15",,production,main,HIT,middleware,/_middleware,gcgyms.com,coach-qwq7kju50-adamswbrowns-projects.vercel.app,dpl_5Zyw9UsEzUZc7g4LyXnNPADhPCaV,11,lhr1,240,2048,,prj_PAwuZqUlS4eGx1sCEhCWZXzRjYGY,,,01KJ8787Z070YGKW997EQG2NXH,fyRjKgEWKwXP,1
2026-02-24 16:20:55,1771950055389,gcgyms.com/coach-dashboard,GET,_rsc=1h1b5,200,kzdmp-1771950055389-ae042a069f91,"Mozilla/5.0 (Macintosh; Intel Mac OS X 10_15_7) AppleWebKit/605.1.15 (KHTML, like Gecko) Version/26.3 Safari/605.1.15",,production,main,HIT,static,/coach-dashboard,gcgyms.com,coach-qwq7kju50-adamswbrowns-projects.vercel.app,dpl_5Zyw9UsEzUZc7g4LyXnNPADhPCaV,359,lhr1,,,,prj_PAwuZqUlS4eGx1sCEhCWZXzRjYGY,,,,,
2026-02-24 16:20:55,1771950055480,gcgyms.com/api/auth/session,GET,nxtPnextauth=session,200,jkzhq-1771950055388-2488f9aedae7,"Mozilla/5.0 (Macintosh; Intel Mac OS X 10_15_7) AppleWebKit/605.1.15 (KHTML, like Gecko) Version/26.3 Safari/605.1.15",info,production,main,MISS,function,/api/auth/[...nextauth],gcgyms.com,gcgyms.com,dpl_5Zyw9UsEzUZc7g4LyXnNPADhPCaV,,,,,"[AUTH JWT] Called with: {
  hasUser: false,
  userId: undefined,
  userEmail: undefined,
  userRoles: undefined,
  existingTokenId: '4772834a-30d5-4d72-883a-a3480e88f52f',
  existingTokenRoles: [ 'ADMIN', 'COACH' ]
}",prj_PAwuZqUlS4eGx1sCEhCWZXzRjYGY,,,,,
2026-02-24 16:20:55,1771950055480,gcgyms.com/api/auth/session,GET,nxtPnextauth=session,200,jkzhq-1771950055388-2488f9aedae7,"Mozilla/5.0 (Macintosh; Intel Mac OS X 10_15_7) AppleWebKit/605.1.15 (KHTML, like Gecko) Version/26.3 Safari/605.1.15",info,production,main,MISS,function,/api/auth/[...nextauth],gcgyms.com,gcgyms.com,dpl_5Zyw9UsEzUZc7g4LyXnNPADhPCaV,,,,,"[AUTH JWT] Final token roles: [ 'ADMIN', 'COACH' ]",prj_PAwuZqUlS4eGx1sCEhCWZXzRjYGY,,,,,
2026-02-24 16:20:55,1771950055480,gcgyms.com/api/auth/session,GET,nxtPnextauth=session,200,jkzhq-1771950055388-2488f9aedae7,"Mozilla/5.0 (Macintosh; Intel Mac OS X 10_15_7) AppleWebKit/605.1.15 (KHTML, like Gecko) Version/26.3 Safari/605.1.15",info,production,main,MISS,function,/api/auth/[...nextauth],gcgyms.com,gcgyms.com,dpl_5Zyw9UsEzUZc7g4LyXnNPADhPCaV,,,,,"[AUTH SESSION] Called with token: {
  tokenId: '4772834a-30d5-4d72-883a-a3480e88f52f',
  tokenRoles: [ 'ADMIN', 'COACH' ],
  tokenEmail: 'adamswbrown@gmail.com'
}",prj_PAwuZqUlS4eGx1sCEhCWZXzRjYGY,,,,,
2026-02-24 16:20:55,1771950055480,gcgyms.com/api/auth/session,GET,nxtPnextauth=session,200,jkzhq-1771950055388-2488f9aedae7,"Mozilla/5.0 (Macintosh; Intel Mac OS X 10_15_7) AppleWebKit/605.1.15 (KHTML, like Gecko) Version/26.3 Safari/605.1.15",info,production,main,MISS,function,/api/auth/[...nextauth],gcgyms.com,gcgyms.com,dpl_5Zyw9UsEzUZc7g4LyXnNPADhPCaV,,,,,"[AUTH SESSION] Final session.user.roles: [ 'ADMIN', 'COACH' ]",prj_PAwuZqUlS4eGx1sCEhCWZXzRjYGY,,,,,
2026-02-24 16:20:55,1771950055388,gcgyms.com/api/auth/session,GET,nxtPnextauth=session,200,jkzhq-1771950055388-2488f9aedae7,"Mozilla/5.0 (Macintosh; Intel Mac OS X 10_15_7) AppleWebKit/605.1.15 (KHTML, like Gecko) Version/26.3 Safari/605.1.15",,production,main,MISS,function,/api/auth/[...nextauth],gcgyms.com,gcgyms.com,dpl_5Zyw9UsEzUZc7g4LyXnNPADhPCaV,14,iad1,292,2048,,prj_PAwuZqUlS4eGx1sCEhCWZXzRjYGY,,,01KJ87880V64C88RQ3XVHAXC4M,gyshtLteauNR,1
2026-02-24 16:20:55,1771950055388,gcgyms.com/api/auth/session,GET,nxtPnextauth=session,200,jkzhq-1771950055388-2488f9aedae7,"Mozilla/5.0 (Macintosh; Intel Mac OS X 10_15_7) AppleWebKit/605.1.15 (KHTML, like Gecko) Version/26.3 Safari/605.1.15",,production,main,MISS,middleware,/_middleware,gcgyms.com,gcgyms.com,dpl_5Zyw9UsEzUZc7g4LyXnNPADhPCaV,9,lhr1,246,2048,,prj_PAwuZqUlS4eGx1sCEhCWZXzRjYGY,,,01KJ8787YY8Y8EADEVCBQRFNBZ,b5c64bTOd2Mr,1
2026-02-24 16:20:55,1771950055279,gcgyms.com/icons/apple-touch-icon.png,GET,,200,t5w22-1771950055279-866949fc935b,"Mozilla/5.0 (Macintosh; Intel Mac OS X 10_15_7) AppleWebKit/605.1.15 (KHTML, like Gecko) Safari",,production,main,HIT,middleware,/_middleware,gcgyms.com,coach-qwq7kju50-adamswbrowns-projects.vercel.app,dpl_5Zyw9UsEzUZc7g4LyXnNPADhPCaV,8,lhr1,239,2048,,prj_PAwuZqUlS4eGx1sCEhCWZXzRjYGY,,,01KJ8787VPCHWX65EHCXNAR8B3,fyRjKgEWKwXP,1
2026-02-24 16:20:55,1771950055279,gcgyms.com/icons/apple-touch-icon.png,GET,,200,t5w22-1771950055279-866949fc935b,"Mozilla/5.0 (Macintosh; Intel Mac OS X 10_15_7) AppleWebKit/605.1.15 (KHTML, like Gecko) Safari",,production,main,HIT,static,/icons/apple-touch-icon.png,gcgyms.com,coach-qwq7kju50-adamswbrowns-projects.vercel.app,dpl_5Zyw9UsEzUZc7g4LyXnNPADhPCaV,44,lhr1,,,,prj_PAwuZqUlS4eGx1sCEhCWZXzRjYGY,,,,,
2026-02-24 16:20:55,1771950055322,gcgyms.com/api/auth/session,GET,nxtPnextauth=session,200,kzdmp-1771950055231-61689fd17fa6,"Mozilla/5.0 (Macintosh; Intel Mac OS X 10_15_7) AppleWebKit/605.1.15 (KHTML, like Gecko) Version/26.3 Safari/605.1.15",info,production,main,MISS,function,/api/auth/[...nextauth],gcgyms.com,gcgyms.com,dpl_5Zyw9UsEzUZc7g4LyXnNPADhPCaV,,,,,"[AUTH JWT] Called with: {
  hasUser: false,
  userId: undefined,
  userEmail: undefined,
  userRoles: undefined,
  existingTokenId: '4772834a-30d5-4d72-883a-a3480e88f52f',
  existingTokenRoles: [ 'ADMIN', 'COACH' ]
}",prj_PAwuZqUlS4eGx1sCEhCWZXzRjYGY,,,,,
2026-02-24 16:20:55,1771950055322,gcgyms.com/api/auth/session,GET,nxtPnextauth=session,200,kzdmp-1771950055231-61689fd17fa6,"Mozilla/5.0 (Macintosh; Intel Mac OS X 10_15_7) AppleWebKit/605.1.15 (KHTML, like Gecko) Version/26.3 Safari/605.1.15",info,production,main,MISS,function,/api/auth/[...nextauth],gcgyms.com,gcgyms.com,dpl_5Zyw9UsEzUZc7g4LyXnNPADhPCaV,,,,,"[AUTH JWT] Final token roles: [ 'ADMIN', 'COACH' ]",prj_PAwuZqUlS4eGx1sCEhCWZXzRjYGY,,,,,
2026-02-24 16:20:55,1771950055322,gcgyms.com/api/auth/session,GET,nxtPnextauth=session,200,kzdmp-1771950055231-61689fd17fa6,"Mozilla/5.0 (Macintosh; Intel Mac OS X 10_15_7) AppleWebKit/605.1.15 (KHTML, like Gecko) Version/26.3 Safari/605.1.15",info,production,main,MISS,function,/api/auth/[...nextauth],gcgyms.com,gcgyms.com,dpl_5Zyw9UsEzUZc7g4LyXnNPADhPCaV,,,,,"[AUTH SESSION] Called with token: {
  tokenId: '4772834a-30d5-4d72-883a-a3480e88f52f',
  tokenRoles: [ 'ADMIN', 'COACH' ],
  tokenEmail: 'adamswbrown@gmail.com'
}",prj_PAwuZqUlS4eGx1sCEhCWZXzRjYGY,,,,,
2026-02-24 16:20:55,1771950055322,gcgyms.com/api/auth/session,GET,nxtPnextauth=session,200,kzdmp-1771950055231-61689fd17fa6,"Mozilla/5.0 (Macintosh; Intel Mac OS X 10_15_7) AppleWebKit/605.1.15 (KHTML, like Gecko) Version/26.3 Safari/605.1.15",info,production,main,MISS,function,/api/auth/[...nextauth],gcgyms.com,gcgyms.com,dpl_5Zyw9UsEzUZc7g4LyXnNPADhPCaV,,,,,"[AUTH SESSION] Final session.user.roles: [ 'ADMIN', 'COACH' ]",prj_PAwuZqUlS4eGx1sCEhCWZXzRjYGY,,,,,
2026-02-24 16:20:55,1771950055231,gcgyms.com/api/auth/session,GET,nxtPnextauth=session,200,kzdmp-1771950055231-61689fd17fa6,"Mozilla/5.0 (Macintosh; Intel Mac OS X 10_15_7) AppleWebKit/605.1.15 (KHTML, like Gecko) Version/26.3 Safari/605.1.15",,production,main,MISS,function,/api/auth/[...nextauth],gcgyms.com,gcgyms.com,dpl_5Zyw9UsEzUZc7g4LyXnNPADhPCaV,16,iad1,292,2048,,prj_PAwuZqUlS4eGx1sCEhCWZXzRjYGY,,,01KJ8787W3A39Q1EJ4REG76K2V,gyshtLteauNR,1
2026-02-24 16:20:55,1771950055231,gcgyms.com/api/auth/session,GET,nxtPnextauth=session,200,kzdmp-1771950055231-61689fd17fa6,"Mozilla/5.0 (Macintosh; Intel Mac OS X 10_15_7) AppleWebKit/605.1.15 (KHTML, like Gecko) Version/26.3 Safari/605.1.15",,production,main,MISS,middleware,/_middleware,gcgyms.com,gcgyms.com,dpl_5Zyw9UsEzUZc7g4LyXnNPADhPCaV,9,lhr1,239,2048,,prj_PAwuZqUlS4eGx1sCEhCWZXzRjYGY,,,01KJ8787T4Q9WZMVCPW23WEDWG,fyRjKgEWKwXP,1
2026-02-24 16:20:55,1771950055223,gcgyms.com/sw.js,GET,,200,jkzhq-1771950055223-7093affc5652,"Mozilla/5.0 (Macintosh; Intel Mac OS X 10_15_7) AppleWebKit/605.1.15 (KHTML, like Gecko) Version/26.3 Safari/605.1.15",,production,main,HIT,middleware,/_middleware,gcgyms.com,coach-qwq7kju50-adamswbrowns-projects.vercel.app,dpl_5Zyw9UsEzUZc7g4LyXnNPADhPCaV,7,lhr1,246,2048,,prj_PAwuZqUlS4eGx1sCEhCWZXzRjYGY,,,01KJ8787STFQ0BX1KWQG2YFPKA,b5c64bTOd2Mr,1
2026-02-24 16:20:55,1771950055223,gcgyms.com/sw.js,GET,,200,jkzhq-1771950055223-7093affc5652,"Mozilla/5.0 (Macintosh; Intel Mac OS X 10_15_7) AppleWebKit/605.1.15 (KHTML, like Gecko) Version/26.3 Safari/605.1.15",,production,main,HIT,static,/sw.js,gcgyms.com,coach-qwq7kju50-adamswbrowns-projects.vercel.app,dpl_5Zyw9UsEzUZc7g4LyXnNPADhPCaV,143,lhr1,,,,prj_PAwuZqUlS4eGx1sCEhCWZXzRjYGY,,,,,
2026-02-24 16:20:55,1771950055150,gcgyms.com/manifest.json,GET,,200,k7jj9-1771950055150-d5844f05384f,"Mozilla/5.0 (Macintosh; Intel Mac OS X 10_15_7) AppleWebKit/605.1.15 (KHTML, like Gecko) Version/26.3 Safari/605.1.15",,production,main,HIT,middleware,/_middleware,gcgyms.com,coach-qwq7kju50-adamswbrowns-projects.vercel.app,dpl_5Zyw9UsEzUZc7g4LyXnNPADhPCaV,8,lhr1,246,2048,,prj_PAwuZqUlS4eGx1sCEhCWZXzRjYGY,,,01KJ8787R02RNEV4S725W9S81J,b5c64bTOd2Mr,1
2026-02-24 16:20:55,1771950055150,gcgyms.com/manifest.json,GET,,200,k7jj9-1771950055150-d5844f05384f,"Mozilla/5.0 (Macintosh; Intel Mac OS X 10_15_7) AppleWebKit/605.1.15 (KHTML, like Gecko) Version/26.3 Safari/605.1.15",,production,main,HIT,static,/manifest.json,gcgyms.com,coach-qwq7kju50-adamswbrowns-projects.vercel.app,dpl_5Zyw9UsEzUZc7g4LyXnNPADhPCaV,39,lhr1,,,,prj_PAwuZqUlS4eGx1sCEhCWZXzRjYGY,,,,,
2026-02-24 16:20:54,1771950054636,gcgyms.com/dashboard,GET,,200,ptfkr-1771950054636-b523666e12ed,"Mozilla/5.0 (Macintosh; Intel Mac OS X 10_15_7) AppleWebKit/605.1.15 (KHTML, like Gecko) Version/26.3 Safari/605.1.15",,production,main,HIT,middleware,/_middleware,gcgyms.com,coach-qwq7kju50-adamswbrowns-projects.vercel.app,dpl_5Zyw9UsEzUZc7g4LyXnNPADhPCaV,9,lhr1,245,2048,,prj_PAwuZqUlS4eGx1sCEhCWZXzRjYGY,,,01KJ87877J6BC5VBJ39444NHCW,b5c64bTOd2Mr,1
2026-02-24 16:20:54,1771950054636,gcgyms.com/dashboard,GET,,200,ptfkr-1771950054636-b523666e12ed,"Mozilla/5.0 (Macintosh; Intel Mac OS X 10_15_7) AppleWebKit/605.1.15 (KHTML, like Gecko) Version/26.3 Safari/605.1.15",,production,main,HIT,static,/dashboard,gcgyms.com,coach-qwq7kju50-adamswbrowns-projects.vercel.app,dpl_5Zyw9UsEzUZc7g4LyXnNPADhPCaV,480,lhr1,,,,prj_PAwuZqUlS4eGx1sCEhCWZXzRjYGY,,,,,
2026-02-24 16:20:53,1771950053972,gcgyms.com/api/auth/callback/google,GET,code=4%2F0AfrIepAqr-aohNBnHUpXwL665Xgr4fQ59fd_V0psde-dDxfYgoqUq6ih5AoNlZRBrk37vA&scope=email+profile+https%3A%2F%2Fwww.googleapis.com%2Fauth%2Fuserinfo.email+https%3A%2F%2Fwww.googleapis.com%2Fauth%2Fuserinfo.profile+openid&authuser=0&prompt=none,302,prwgk-1771950052652-f0351a4e24d5,"Mozilla/5.0 (Macintosh; Intel Mac OS X 10_15_7) AppleWebKit/605.1.15 (KHTML, like Gecko) Version/26.3 Safari/605.1.15",info,production,main,MISS,function,/api/auth/[...nextauth],gcgyms.com,gcgyms.com,dpl_5Zyw9UsEzUZc7g4LyXnNPADhPCaV,,,,,"[AUTH] OAuth sign-in: provider=google, email=adamswbrown@gmail.com, userId=4772834a-30d5-4d72-883a-a3480e88f52f",prj_PAwuZqUlS4eGx1sCEhCWZXzRjYGY,,,,,
2026-02-24 16:20:54,1771950054415,gcgyms.com/api/auth/callback/google,GET,code=4%2F0AfrIepAqr-aohNBnHUpXwL665Xgr4fQ59fd_V0psde-dDxfYgoqUq6ih5AoNlZRBrk37vA&scope=email+profile+https%3A%2F%2Fwww.googleapis.com%2Fauth%2Fuserinfo.email+https%3A%2F%2Fwww.googleapis.com%2Fauth%2Fuserinfo.profile+openid&authuser=0&prompt=none,302,prwgk-1771950052652-f0351a4e24d5,"Mozilla/5.0 (Macintosh; Intel Mac OS X 10_15_7) AppleWebKit/605.1.15 (KHTML, like Gecko) Version/26.3 Safari/605.1.15",info,production,main,MISS,function,/api/auth/[...nextauth],gcgyms.com,gcgyms.com,dpl_5Zyw9UsEzUZc7g4LyXnNPADhPCaV,,,,,"[AUTH JWT] Called with: {
  hasUser: true,
  userId: '4772834a-30d5-4d72-883a-a3480e88f52f',
  userEmail: 'adamswbrown@gmail.com',
  userRoles: [ 'ADMIN', 'COACH' ],
  existingTokenId: undefined,
  existingTokenRoles: undefined
}",prj_PAwuZqUlS4eGx1sCEhCWZXzRjYGY,,,,,
2026-02-24 16:20:54,1771950054562,gcgyms.com/api/auth/callback/google,GET,code=4%2F0AfrIepAqr-aohNBnHUpXwL665Xgr4fQ59fd_V0psde-dDxfYgoqUq6ih5AoNlZRBrk37vA&scope=email+profile+https%3A%2F%2Fwww.googleapis.com%2Fauth%2Fuserinfo.email+https%3A%2F%2Fwww.googleapis.com%2Fauth%2Fuserinfo.profile+openid&authuser=0&prompt=none,302,prwgk-1771950052652-f0351a4e24d5,"Mozilla/5.0 (Macintosh; Intel Mac OS X 10_15_7) AppleWebKit/605.1.15 (KHTML, like Gecko) Version/26.3 Safari/605.1.15",info,production,main,MISS,function,/api/auth/[...nextauth],gcgyms.com,gcgyms.com,dpl_5Zyw9UsEzUZc7g4LyXnNPADhPCaV,,,,,"[AUTH JWT] Using user.roles from auth: [ 'ADMIN', 'COACH' ]",prj_PAwuZqUlS4eGx1sCEhCWZXzRjYGY,,,,,
2026-02-24 16:20:54,1771950054562,gcgyms.com/api/auth/callback/google,GET,code=4%2F0AfrIepAqr-aohNBnHUpXwL665Xgr4fQ59fd_V0psde-dDxfYgoqUq6ih5AoNlZRBrk37vA&scope=email+profile+https%3A%2F%2Fwww.googleapis.com%2Fauth%2Fuserinfo.email+https%3A%2F%2Fwww.googleapis.com%2Fauth%2Fuserinfo.profile+openid&authuser=0&prompt=none,302,prwgk-1771950052652-f0351a4e24d5,"Mozilla/5.0 (Macintosh; Intel Mac OS X 10_15_7) AppleWebKit/605.1.15 (KHTML, like Gecko) Version/26.3 Safari/605.1.15",info,production,main,MISS,function,/api/auth/[...nextauth],gcgyms.com,gcgyms.com,dpl_5Zyw9UsEzUZc7g4LyXnNPADhPCaV,,,,,"[AUTH JWT] Final token roles: [ 'ADMIN', 'COACH' ]",prj_PAwuZqUlS4eGx1sCEhCWZXzRjYGY,,,,,
2026-02-24 16:20:52,1771950052652,gcgyms.com/api/auth/callback/google,GET,code=4%2F0AfrIepAqr-aohNBnHUpXwL665Xgr4fQ59fd_V0psde-dDxfYgoqUq6ih5AoNlZRBrk37vA&scope=email+profile+https%3A%2F%2Fwww.googleapis.com%2Fauth%2Fuserinfo.email+https%3A%2F%2Fwww.googleapis.com%2Fauth%2Fuserinfo.profile+openid&authuser=0&prompt=none,302,prwgk-1771950052652-f0351a4e24d5,"Mozilla/5.0 (Macintosh; Intel Mac OS X 10_15_7) AppleWebKit/605.1.15 (KHTML, like Gecko) Version/26.3 Safari/605.1.15",,production,main,MISS,middleware,/_middleware,gcgyms.com,gcgyms.com,dpl_5Zyw9UsEzUZc7g4LyXnNPADhPCaV,14,lhr1,241,2048,,prj_PAwuZqUlS4eGx1sCEhCWZXzRjYGY,,,01KJ87859HYGMXDETASTJ5X2CG,b5c64bTOd2Mr,1
2026-02-24 16:20:52,1771950052652,gcgyms.com/api/auth/callback/google,GET,code=4%2F0AfrIepAqr-aohNBnHUpXwL665Xgr4fQ59fd_V0psde-dDxfYgoqUq6ih5AoNlZRBrk37vA&scope=email+profile+https%3A%2F%2Fwww.googleapis.com%2Fauth%2Fuserinfo.email+https%3A%2F%2Fwww.googleapis.com%2Fauth%2Fuserinfo.profile+openid&authuser=0&prompt=none,302,prwgk-1771950052652-f0351a4e24d5,"Mozilla/5.0 (Macintosh; Intel Mac OS X 10_15_7) AppleWebKit/605.1.15 (KHTML, like Gecko) Version/26.3 Safari/605.1.15",,production,main,MISS,function,/api/auth/[...nextauth],gcgyms.com,gcgyms.com,dpl_5Zyw9UsEzUZc7g4LyXnNPADhPCaV,1709,iad1,292,2048,,prj_PAwuZqUlS4eGx1sCEhCWZXzRjYGY,,,01KJ8785F74GS9EXSB0HZ5SRN8,gyshtLteauNR,1
2026-02-24 16:20:52,1771950052064,gcgyms.com/api/auth/signin/google,POST,nxtPnextauth=signin%2Fgoogle,200,8v4jb-1771950052064-e811545aa788,"Mozilla/5.0 (Macintosh; Intel Mac OS X 10_15_7) AppleWebKit/605.1.15 (KHTML, like Gecko) Version/26.3 Safari/605.1.15",,production,main,MISS,function,/api/auth/[...nextauth],gcgyms.com,coach-qwq7kju50-adamswbrowns-projects.vercel.app,dpl_5Zyw9UsEzUZc7g4LyXnNPADhPCaV,36,iad1,286,2048,,prj_PAwuZqUlS4eGx1sCEhCWZXzRjYGY,,,01KJ8784SAMVDSKFS25G878J9H,gyshtLteauNR,1
2026-02-24 16:20:52,1771950052064,gcgyms.com/api/auth/signin/google,POST,nxtPnextauth=signin%2Fgoogle,200,8v4jb-1771950052064-e811545aa788,"Mozilla/5.0 (Macintosh; Intel Mac OS X 10_15_7) AppleWebKit/605.1.15 (KHTML, like Gecko) Version/26.3 Safari/605.1.15",,production,main,MISS,middleware,/_middleware,gcgyms.com,coach-qwq7kju50-adamswbrowns-projects.vercel.app,dpl_5Zyw9UsEzUZc7g4LyXnNPADhPCaV,12,lhr1,240,2048,,prj_PAwuZqUlS4eGx1sCEhCWZXzRjYGY,,,01KJ8784Q9WSCV18BCDREHYC6S,b5c64bTOd2Mr,1
2026-02-24 16:20:51,1771950051900,gcgyms.com/api/auth/csrf,GET,nxtPnextauth=csrf,200,wxxq5-1771950051900-604e11784f50,"Mozilla/5.0 (Macintosh; Intel Mac OS X 10_15_7) AppleWebKit/605.1.15 (KHTML, like Gecko) Version/26.3 Safari/605.1.15",,production,main,MISS,function,/api/auth/[...nextauth],gcgyms.com,coach-qwq7kju50-adamswbrowns-projects.vercel.app,dpl_5Zyw9UsEzUZc7g4LyXnNPADhPCaV,10,iad1,286,2048,,prj_PAwuZqUlS4eGx1sCEhCWZXzRjYGY,,,01KJ8784M59CTZFWARB9D2D80X,gyshtLteauNR,1
2026-02-24 16:20:51,1771950051900,gcgyms.com/api/auth/csrf,GET,nxtPnextauth=csrf,200,wxxq5-1771950051900-604e11784f50,"Mozilla/5.0 (Macintosh; Intel Mac OS X 10_15_7) AppleWebKit/605.1.15 (KHTML, like Gecko) Version/26.3 Safari/605.1.15",,production,main,MISS,middleware,/_middleware,gcgyms.com,coach-qwq7kju50-adamswbrowns-projects.vercel.app,dpl_5Zyw9UsEzUZc7g4LyXnNPADhPCaV,9,lhr1,240,2048,,prj_PAwuZqUlS4eGx1sCEhCWZXzRjYGY,,,01KJ8784J0XEEQ1818GTP081CC,b5c64bTOd2Mr,1
2026-02-24 16:20:51,1771950051744,gcgyms.com/api/auth/providers,GET,nxtPnextauth=providers,200,n67gh-1771950051744-e9ef3fdb1cde,"Mozilla/5.0 (Macintosh; Intel Mac OS X 10_15_7) AppleWebKit/605.1.15 (KHTML, like Gecko) Version/26.3 Safari/605.1.15",,production,main,MISS,function,/api/auth/[...nextauth],gcgyms.com,coach-qwq7kju50-adamswbrowns-projects.vercel.app,dpl_5Zyw9UsEzUZc7g4LyXnNPADhPCaV,13,iad1,286,2048,,prj_PAwuZqUlS4eGx1sCEhCWZXzRjYGY,,,01KJ8784F6QSQHD8W9TTEGKN7B,gyshtLteauNR,1
2026-02-24 16:20:51,1771950051744,gcgyms.com/api/auth/providers,GET,nxtPnextauth=providers,200,n67gh-1771950051744-e9ef3fdb1cde,"Mozilla/5.0 (Macintosh; Intel Mac OS X 10_15_7) AppleWebKit/605.1.15 (KHTML, like Gecko) Version/26.3 Safari/605.1.15",,production,main,MISS,middleware,/_middleware,gcgyms.com,coach-qwq7kju50-adamswbrowns-projects.vercel.app,dpl_5Zyw9UsEzUZc7g4LyXnNPADhPCaV,9,lhr1,239,2048,,prj_PAwuZqUlS4eGx1sCEhCWZXzRjYGY,,,01KJ8784D4AV43D7VTB6ZWHHCN,b5c64bTOd2Mr,1
2026-02-24 16:20:50,1771950050626,gcgyms.com/signup,GET,_rsc=4c4j4,200,kwfrg-1771950050626-0de788f7f22a,"Mozilla/5.0 (Macintosh; Intel Mac OS X 10_15_7) AppleWebKit/605.1.15 (KHTML, like Gecko) Version/26.3 Safari/605.1.15",,production,main,HIT,middleware,/_middleware,gcgyms.com,coach-qwq7kju50-adamswbrowns-projects.vercel.app,dpl_5Zyw9UsEzUZc7g4LyXnNPADhPCaV,366,lhr1,238,2048,,prj_PAwuZqUlS4eGx1sCEhCWZXzRjYGY,,,01KJ8783A8B4NWY69GB2G5BGJV,fyRjKgEWKwXP,1
2026-02-24 16:20:50,1771950050626,gcgyms.com/signup,GET,_rsc=4c4j4,200,kwfrg-1771950050626-0de788f7f22a,"Mozilla/5.0 (Macintosh; Intel Mac OS X 10_15_7) AppleWebKit/605.1.15 (KHTML, like Gecko) Version/26.3 Safari/605.1.15",,production,main,HIT,static,/signup.segments/_index.segment,gcgyms.com,coach-qwq7kju50-adamswbrowns-projects.vercel.app,dpl_5Zyw9UsEzUZc7g4LyXnNPADhPCaV,205,lhr1,,,,prj_PAwuZqUlS4eGx1sCEhCWZXzRjYGY,,,,,
2026-02-24 16:20:50,1771950050625,gcgyms.com/signup,GET,_rsc=1ijlu,200,trqf7-1771950050625-0087906e1481,"Mozilla/5.0 (Macintosh; Intel Mac OS X 10_15_7) AppleWebKit/605.1.15 (KHTML, like Gecko) Version/26.3 Safari/605.1.15",,production,main,HIT,middleware,/_middleware,gcgyms.com,coach-qwq7kju50-adamswbrowns-projects.vercel.app,dpl_5Zyw9UsEzUZc7g4LyXnNPADhPCaV,8,lhr1,249,2048,,prj_PAwuZqUlS4eGx1sCEhCWZXzRjYGY,,,01KJ8783A5PKE94SJ1896J6KQH,oG9YIo6GJq16,1
2026-02-24 16:20:50,1771950050625,gcgyms.com/signup,GET,_rsc=1ijlu,200,trqf7-1771950050625-0087906e1481,"Mozilla/5.0 (Macintosh; Intel Mac OS X 10_15_7) AppleWebKit/605.1.15 (KHTML, like Gecko) Version/26.3 Safari/605.1.15",,production,main,HIT,static,/signup.segments/signup.segment,gcgyms.com,coach-qwq7kju50-adamswbrowns-projects.vercel.app,dpl_5Zyw9UsEzUZc7g4LyXnNPADhPCaV,159,lhr1,,,,prj_PAwuZqUlS4eGx1sCEhCWZXzRjYGY,,,,,
2026-02-24 16:20:50,1771950050625,gcgyms.com/signup,GET,_rsc=m8m8p,200,jkzhq-1771950050625-6227714c4fba,"Mozilla/5.0 (Macintosh; Intel Mac OS X 10_15_7) AppleWebKit/605.1.15 (KHTML, like Gecko) Version/26.3 Safari/605.1.15",,production,main,HIT,middleware,/_middleware,gcgyms.com,coach-qwq7kju50-adamswbrowns-projects.vercel.app,dpl_5Zyw9UsEzUZc7g4LyXnNPADhPCaV,8,lhr1,254,2048,,prj_PAwuZqUlS4eGx1sCEhCWZXzRjYGY,,,01KJ8783A5PKE94SJ186Q8PSM5,Df7rbvpZJzVu,1
2026-02-24 16:20:50,1771950050625,gcgyms.com/signup,GET,_rsc=m8m8p,200,jkzhq-1771950050625-6227714c4fba,"Mozilla/5.0 (Macintosh; Intel Mac OS X 10_15_7) AppleWebKit/605.1.15 (KHTML, like Gecko) Version/26.3 Safari/605.1.15",,production,main,HIT,static,/signup.segments/_head.segment,gcgyms.com,coach-qwq7kju50-adamswbrowns-projects.vercel.app,dpl_5Zyw9UsEzUZc7g4LyXnNPADhPCaV,192,lhr1,,,,prj_PAwuZqUlS4eGx1sCEhCWZXzRjYGY,,,,,
2026-02-24 16:20:50,1771950050625,gcgyms.com/signup,GET,_rsc=yuv3p,200,b76s9-1771950050625-3f74a1c75316,"Mozilla/5.0 (Macintosh; Intel Mac OS X 10_15_7) AppleWebKit/605.1.15 (KHTML, like Gecko) Version/26.3 Safari/605.1.15",,production,main,HIT,middleware,/_middleware,gcgyms.com,coach-qwq7kju50-adamswbrowns-projects.vercel.app,dpl_5Zyw9UsEzUZc7g4LyXnNPADhPCaV,412,lhr1,237,2048,,prj_PAwuZqUlS4eGx1sCEhCWZXzRjYGY,,,01KJ8783A4RPJPFZ73AS8JRT4E,b5c64bTOd2Mr,1
2026-02-24 16:20:50,1771950050625,gcgyms.com/signup,GET,_rsc=yuv3p,200,b76s9-1771950050625-3f74a1c75316,"Mozilla/5.0 (Macintosh; Intel Mac OS X 10_15_7) AppleWebKit/605.1.15 (KHTML, like Gecko) Version/26.3 Safari/605.1.15",,production,main,HIT,static,/signup.segments/signup/__PAGE__.segment,gcgyms.com,coach-qwq7kju50-adamswbrowns-projects.vercel.app,dpl_5Zyw9UsEzUZc7g4LyXnNPADhPCaV,182,lhr1,,,,prj_PAwuZqUlS4eGx1sCEhCWZXzRjYGY,,,,,
2026-02-24 16:20:50,1771950050414,gcgyms.com/signup,GET,_rsc=17yrj,200,b76s9-1771950050414-47a868f4ee87,"Mozilla/5.0 (Macintosh; Intel Mac OS X 10_15_7) AppleWebKit/605.1.15 (KHTML, like Gecko) Version/26.3 Safari/605.1.15",,production,main,HIT,middleware,/_middleware,gcgyms.com,coach-qwq7kju50-adamswbrowns-projects.vercel.app,dpl_5Zyw9UsEzUZc7g4LyXnNPADhPCaV,7,lhr1,253,2048,,prj_PAwuZqUlS4eGx1sCEhCWZXzRjYGY,,,01KJ87833G2659ATR9VXGJP2HV,Df7rbvpZJzVu,1
2026-02-24 16:20:50,1771950050414,gcgyms.com/signup,GET,_rsc=17yrj,200,b76s9-1771950050414-47a868f4ee87,"Mozilla/5.0 (Macintosh; Intel Mac OS X 10_15_7) AppleWebKit/605.1.15 (KHTML, like Gecko) Version/26.3 Safari/605.1.15",,production,main,HIT,static,/signup.segments/_tree.segment,gcgyms.com,coach-qwq7kju50-adamswbrowns-projects.vercel.app,dpl_5Zyw9UsEzUZc7g4LyXnNPADhPCaV,190,lhr1,,,,prj_PAwuZqUlS4eGx1sCEhCWZXzRjYGY,,,,,
2026-02-24 16:20:50,1771950050338,gcgyms.com/coachfit-logo-login.png,GET,,200,9tscj-1771950050338-77ab8b733a07,"Mozilla/5.0 (Macintosh; Intel Mac OS X 10_15_7) AppleWebKit/605.1.15 (KHTML, like Gecko) Version/26.3 Safari/605.1.15",,production,main,HIT,middleware,/_middleware,gcgyms.com,coach-qwq7kju50-adamswbrowns-projects.vercel.app,dpl_5Zyw9UsEzUZc7g4LyXnNPADhPCaV,6,lhr1,252,2048,,prj_PAwuZqUlS4eGx1sCEhCWZXzRjYGY,,,01KJ878320XEHC0528C98GQRXP,Df7rbvpZJzVu,1
2026-02-24 16:20:50,1771950050338,gcgyms.com/coachfit-logo-login.png,GET,,200,9tscj-1771950050338-77ab8b733a07,"Mozilla/5.0 (Macintosh; Intel Mac OS X 10_15_7) AppleWebKit/605.1.15 (KHTML, like Gecko) Version/26.3 Safari/605.1.15",,production,main,HIT,static,/coachfit-logo-login.png,gcgyms.com,coach-qwq7kju50-adamswbrowns-projects.vercel.app,dpl_5Zyw9UsEzUZc7g4LyXnNPADhPCaV,53,lhr1,,,,prj_PAwuZqUlS4eGx1sCEhCWZXzRjYGY,,,,,
2026-02-24 16:20:49,1771950049960,gcgyms.com/login,GET,_rsc=1h1b5,200,lcpfk-1771950049960-5c67268e09f1,"Mozilla/5.0 (Macintosh; Intel Mac OS X 10_15_7) AppleWebKit/605.1.15 (KHTML, like Gecko) Version/26.3 Safari/605.1.15",,production,main,HIT,middleware,/_middleware,gcgyms.com,coach-qwq7kju50-adamswbrowns-projects.vercel.app,dpl_5Zyw9UsEzUZc7g4LyXnNPADhPCaV,6,lhr1,252,2048,,prj_PAwuZqUlS4eGx1sCEhCWZXzRjYGY,,,01KJ8782ND6SS7C3FP07CYV43S,Df7rbvpZJzVu,1
2026-02-24 16:20:49,1771950049960,gcgyms.com/login,GET,_rsc=1h1b5,200,lcpfk-1771950049960-5c67268e09f1,"Mozilla/5.0 (Macintosh; Intel Mac OS X 10_15_7) AppleWebKit/605.1.15 (KHTML, like Gecko) Version/26.3 Safari/605.1.15",,production,main,HIT,static,/login,gcgyms.com,coach-qwq7kju50-adamswbrowns-projects.vercel.app,dpl_5Zyw9UsEzUZc7g4LyXnNPADhPCaV,314,lhr1,,,,prj_PAwuZqUlS4eGx1sCEhCWZXzRjYGY,,,,,
2026-02-24 16:20:49,1771950049726,gcgyms.com/api/auth/session,GET,nxtPnextauth=session,200,b76s9-1771950049726-8c06d5fa7bbb,"Mozilla/5.0 (Macintosh; Intel Mac OS X 10_15_7) AppleWebKit/605.1.15 (KHTML, like Gecko) Version/26.3 Safari/605.1.15",,production,main,MISS,middleware,/_middleware,gcgyms.com,coach-qwq7kju50-adamswbrowns-projects.vercel.app,dpl_5Zyw9UsEzUZc7g4LyXnNPADhPCaV,10,lhr1,251,2048,,prj_PAwuZqUlS4eGx1sCEhCWZXzRjYGY,,,01KJ8782E1M9R9SHXQ2N9J2CY1,Df7rbvpZJzVu,1
2026-02-24 16:20:49,1771950049726,gcgyms.com/api/auth/session,GET,nxtPnextauth=session,200,b76s9-1771950049726-8c06d5fa7bbb,"Mozilla/5.0 (Macintosh; Intel Mac OS X 10_15_7) AppleWebKit/605.1.15 (KHTML, like Gecko) Version/26.3 Safari/605.1.15",,production,main,MISS,function,/api/auth/[...nextauth],gcgyms.com,coach-qwq7kju50-adamswbrowns-projects.vercel.app,dpl_5Zyw9UsEzUZc7g4LyXnNPADhPCaV,14,iad1,284,2048,,prj_PAwuZqUlS4eGx1sCEhCWZXzRjYGY,,,01KJ8782FVTS31WCXB7WBN4P09,gyshtLteauNR,1
2026-02-24 16:20:49,1771950049564,gcgyms.com/login,GET,callbackUrl=%2Fmanifest.json,200,7kg67-1771950049564-ddfdf55a956e,"Mozilla/5.0 (Macintosh; Intel Mac OS X 10_15_7) AppleWebKit/605.1.15 (KHTML, like Gecko) Version/26.3 Safari/605.1.15",,production,main,HIT,middleware,/_middleware,gcgyms.com,coach-qwq7kju50-adamswbrowns-projects.vercel.app,dpl_5Zyw9UsEzUZc7g4LyXnNPADhPCaV,6,lhr1,249,2048,,prj_PAwuZqUlS4eGx1sCEhCWZXzRjYGY,,,01KJ87828YANDD9FTC2V0AYM95,oG9YIo6GJq16,1
2026-02-24 16:20:49,1771950049564,gcgyms.com/login,GET,callbackUrl=%2Fmanifest.json,200,7kg67-1771950049564-ddfdf55a956e,"Mozilla/5.0 (Macintosh; Intel Mac OS X 10_15_7) AppleWebKit/605.1.15 (KHTML, like Gecko) Version/26.3 Safari/605.1.15",,production,main,HIT,static,/login,gcgyms.com,coach-qwq7kju50-adamswbrowns-projects.vercel.app,dpl_5Zyw9UsEzUZc7g4LyXnNPADhPCaV,191,lhr1,,,,prj_PAwuZqUlS4eGx1sCEhCWZXzRjYGY,,,,,
2026-02-24 16:20:49,1771950049561,gcgyms.com/sw.js,GET,,307,f9wbr-1771950049561-16d288eb8348,"Mozilla/5.0 (Macintosh; Intel Mac OS X 10_15_7) AppleWebKit/605.1.15 (KHTML, like Gecko) Version/26.3 Safari/605.1.15",,production,main,,middleware,/_middleware,gcgyms.com,coach-qwq7kju50-adamswbrowns-projects.vercel.app,dpl_5Zyw9UsEzUZc7g4LyXnNPADhPCaV,12,lhr1,251,2048,,prj_PAwuZqUlS4eGx1sCEhCWZXzRjYGY,,,01KJ87829BCA14BE96NKP4PBTR,Df7rbvpZJzVu,1
2026-02-24 16:20:49,1771950049561,gcgyms.com/sw.js,GET,,307,f9wbr-1771950049561-16d288eb8348,"Mozilla/5.0 (Macintosh; Intel Mac OS X 10_15_7) AppleWebKit/605.1.15 (KHTML, like Gecko) Version/26.3 Safari/605.1.15",,production,main,,redirect,/sw.js,gcgyms.com,coach-qwq7kju50-adamswbrowns-projects.vercel.app,dpl_5Zyw9UsEzUZc7g4LyXnNPADhPCaV,52,lhr1,,,,prj_PAwuZqUlS4eGx1sCEhCWZXzRjYGY,,,,,
2026-02-24 16:20:49,1771950049560,gcgyms.com/api/auth/session,GET,nxtPnextauth=session,200,b76s9-1771950049560-c15f719eccd7,"Mozilla/5.0 (Macintosh; Intel Mac OS X 10_15_7) AppleWebKit/605.1.15 (KHTML, like Gecko) Version/26.3 Safari/605.1.15",,production,main,MISS,middleware,/_middleware,gcgyms.com,coach-qwq7kju50-adamswbrowns-projects.vercel.app,dpl_5Zyw9UsEzUZc7g4LyXnNPADhPCaV,8,lhr1,249,2048,,prj_PAwuZqUlS4eGx1sCEhCWZXzRjYGY,,,01KJ87828WJB0X2ZCRNN3NPY99,oG9YIo6GJq16,1
2026-02-24 16:20:49,1771950049560,gcgyms.com/api/auth/session,GET,nxtPnextauth=session,200,b76s9-1771950049560-c15f719eccd7,"Mozilla/5.0 (Macintosh; Intel Mac OS X 10_15_7) AppleWebKit/605.1.15 (KHTML, like Gecko) Version/26.3 Safari/605.1.15",,production,main,MISS,function,/api/auth/[...nextauth],gcgyms.com,coach-qwq7kju50-adamswbrowns-projects.vercel.app,dpl_5Zyw9UsEzUZc7g4LyXnNPADhPCaV,17,iad1,284,2048,,prj_PAwuZqUlS4eGx1sCEhCWZXzRjYGY,,,01KJ8782ATDHZ4QFKMYVPMAFXZ,gyshtLteauNR,1
2026-02-24 16:20:49,1771950049556,gcgyms.com/dashboard,GET,_rsc=vusbg,200,trqf7-1771950049556-cbe93ee879da,"Mozilla/5.0 (Macintosh; Intel Mac OS X 10_15_7) AppleWebKit/605.1.15 (KHTML, like Gecko) Version/26.3 Safari/605.1.15",,production,main,HIT,middleware,/_middleware,gcgyms.com,coach-qwq7kju50-adamswbrowns-projects.vercel.app,dpl_5Zyw9UsEzUZc7g4LyXnNPADhPCaV,9,lhr1,250,2048,,prj_PAwuZqUlS4eGx1sCEhCWZXzRjYGY,,,01KJ87828Q19G68KPANQ8NV4VH,Df7rbvpZJzVu,1
2026-02-24 16:20:49,1771950049556,gcgyms.com/dashboard,GET,_rsc=vusbg,200,trqf7-1771950049556-cbe93ee879da,"Mozilla/5.0 (Macintosh; Intel Mac OS X 10_15_7) AppleWebKit/605.1.15 (KHTML, like Gecko) Version/26.3 Safari/605.1.15",,production,main,HIT,static,/dashboard,gcgyms.com,coach-qwq7kju50-adamswbrowns-projects.vercel.app,dpl_5Zyw9UsEzUZc7g4LyXnNPADhPCaV,330,lhr1,,,,prj_PAwuZqUlS4eGx1sCEhCWZXzRjYGY,,,,,
2026-02-24 16:20:49,1771950049522,gcgyms.com/manifest.json,GET,,307,trqf7-1771950049522-bdea99ff5092,"Mozilla/5.0 (Macintosh; Intel Mac OS X 10_15_7) AppleWebKit/605.1.15 (KHTML, like Gecko) Version/26.3 Safari/605.1.15",,production,main,,middleware,/_middleware,gcgyms.com,coach-qwq7kju50-adamswbrowns-projects.vercel.app,dpl_5Zyw9UsEzUZc7g4LyXnNPADhPCaV,8,lhr1,248,2048,,prj_PAwuZqUlS4eGx1sCEhCWZXzRjYGY,,,01KJ87827QCRGJ2X15AP7RMCYZ,oG9YIo6GJq16,1
2026-02-24 16:20:49,1771950049522,gcgyms.com/manifest.json,GET,,307,trqf7-1771950049522-bdea99ff5092,"Mozilla/5.0 (Macintosh; Intel Mac OS X 10_15_7) AppleWebKit/605.1.15 (KHTML, like Gecko) Version/26.3 Safari/605.1.15",,production,main,,redirect,/manifest.json,gcgyms.com,coach-qwq7kju50-adamswbrowns-projects.vercel.app,dpl_5Zyw9UsEzUZc7g4LyXnNPADhPCaV,23,lhr1,,,,prj_PAwuZqUlS4eGx1sCEhCWZXzRjYGY,,,,,
2026-02-24 16:20:49,1771950049255,gcgyms.com/,GET,,200,ljgnw-1771950049255-5b1dff455dde,"Mozilla/5.0 (Macintosh; Intel Mac OS X 10_15_7) AppleWebKit/605.1.15 (KHTML, like Gecko) Version/26.3 Safari/605.1.15",,production,main,HIT,middleware,/_middleware,gcgyms.com,coach-qwq7kju50-adamswbrowns-projects.vercel.app,dpl_5Zyw9UsEzUZc7g4LyXnNPADhPCaV,12,lhr1,244,2048,,prj_PAwuZqUlS4eGx1sCEhCWZXzRjYGY,,,01KJ8781ZSXHXR6ESM24ZAYZWE,oG9YIo6GJq16,1
2026-02-24 16:20:49,1771950049255,gcgyms.com/,GET,,200,ljgnw-1771950049255-5b1dff455dde,"Mozilla/5.0 (Macintosh; Intel Mac OS X 10_15_7) AppleWebKit/605.1.15 (KHTML, like Gecko) Version/26.3 Safari/605.1.15",,production,main,HIT,static,/,gcgyms.com,coach-qwq7kju50-adamswbrowns-projects.vercel.app,dpl_5Zyw9UsEzUZc7g4LyXnNPADhPCaV,186,lhr1,,,,prj_PAwuZqUlS4eGx1sCEhCWZXzRjYGY,,,,,
2026-02-24 16:20:45,1771950045196,coach-fit-eight.vercel.app/manifest.json,GET,,307,gcztf-1771950045196-0bcf1412b031,"Mozilla/5.0 (Macintosh; Intel Mac OS X 10_15_7) AppleWebKit/605.1.15 (KHTML, like Gecko) Version/26.3 Safari/605.1.15",,production,main,,middleware,/_middleware,coach-fit-eight.vercel.app,coach-qwq7kju50-adamswbrowns-projects.vercel.app,dpl_5Zyw9UsEzUZc7g4LyXnNPADhPCaV,10,lhr1,243,2048,,prj_PAwuZqUlS4eGx1sCEhCWZXzRjYGY,,,01KJ877Y0SY931R59H11BSC3SQ,oG9YIo6GJq16,1
2026-02-24 16:20:45,1771950045196,coach-fit-eight.vercel.app/manifest.json,GET,,307,gcztf-1771950045196-0bcf1412b031,"Mozilla/5.0 (Macintosh; Intel Mac OS X 10_15_7) AppleWebKit/605.1.15 (KHTML, like Gecko) Version/26.3 Safari/605.1.15",,production,main,,redirect,/manifest.json,coach-fit-eight.vercel.app,coach-qwq7kju50-adamswbrowns-projects.vercel.app,dpl_5Zyw9UsEzUZc7g4LyXnNPADhPCaV,32,lhr1,,,,prj_PAwuZqUlS4eGx1sCEhCWZXzRjYGY,,,,,
2026-02-24 16:20:44,1771950044939,coach-fit-eight.vercel.app/,GET,,304,fl2fz-1771950044939-9ead6276d2eb,"Mozilla/5.0 (Macintosh; Intel Mac OS X 10_15_7) AppleWebKit/605.1.15 (KHTML, like Gecko) Version/26.3 Safari/605.1.15",,production,main,HIT,middleware,/_middleware,coach-fit-eight.vercel.app,coach-qwq7kju50-adamswbrowns-projects.vercel.app,dpl_5Zyw9UsEzUZc7g4LyXnNPADhPCaV,11,lhr1,242,2048,,prj_PAwuZqUlS4eGx1sCEhCWZXzRjYGY,,,01KJ877XSDAVHY10S1FCBWTKDM,oG9YIo6GJq16,1
2026-02-24 16:20:44,1771950044939,coach-fit-eight.vercel.app/,GET,,304,fl2fz-1771950044939-9ead6276d2eb,"Mozilla/5.0 (Macintosh; Intel Mac OS X 10_15_7) AppleWebKit/605.1.15 (KHTML, like Gecko) Version/26.3 Safari/605.1.15",,production,main,HIT,static,/,coach-fit-eight.vercel.app,coach-qwq7kju50-adamswbrowns-projects.vercel.app,dpl_5Zyw9UsEzUZc7g4LyXnNPADhPCaV,224,lhr1,,,,prj_PAwuZqUlS4eGx1sCEhCWZXzRjYGY,,,,,
2026-02-24 16:18:59,1771949939676,gcgyms.com/,GET,,200,54mz8-1771949939676-2197d12f765b,Mozilla/5.0 (compatible; AhrefsBot/7.0; +http://ahrefs.com/robot/),,production,main,HIT,middleware,/_middleware,gcgyms.com,coach-qwq7kju50-adamswbrowns-projects.vercel.app,dpl_5Zyw9UsEzUZc7g4LyXnNPADhPCaV,359,yul1,237,2048,,prj_PAwuZqUlS4eGx1sCEhCWZXzRjYGY,,,01KJ874Q1W3BY4FRRGC8YE86W6,Dr75PiaBpRXj,1
2026-02-24 16:18:59,1771949939676,gcgyms.com/,GET,,200,54mz8-1771949939676-2197d12f765b,Mozilla/5.0 (compatible; AhrefsBot/7.0; +http://ahrefs.com/robot/),,production,main,HIT,static,/,gcgyms.com,coach-qwq7kju50-adamswbrowns-projects.vercel.app,dpl_5Zyw9UsEzUZc7g4LyXnNPADhPCaV,792,yul1,,,,prj_PAwuZqUlS4eGx1sCEhCWZXzRjYGY,,,,,
2026-02-24 16:12:22,1771949542192,gcgyms.com/sw.js,GET,,307,npx8v-1771949542192-85b5368d3f5f,"Mozilla/5.0 (Linux; Android 10; K) AppleWebKit/537.36 (KHTML, like Gecko) Chrome/145.0.0.0 Mobile Safari/537.36",,production,main,,middleware,/_middleware,gcgyms.com,coach-qwq7kju50-adamswbrowns-projects.vercel.app,dpl_5Zyw9UsEzUZc7g4LyXnNPADhPCaV,9,lhr1,250,2048,,prj_PAwuZqUlS4eGx1sCEhCWZXzRjYGY,,,01KJ86RJST0WB41JWP30S99FZW,VkQ5WJTqLzYd,1
2026-02-24 16:12:22,1771949542192,gcgyms.com/sw.js,GET,,307,npx8v-1771949542192-85b5368d3f5f,"Mozilla/5.0 (Linux; Android 10; K) AppleWebKit/537.36 (KHTML, like Gecko) Chrome/145.0.0.0 Mobile Safari/537.36",,production,main,,redirect,/sw.js,gcgyms.com,coach-qwq7kju50-adamswbrowns-projects.vercel.app,dpl_5Zyw9UsEzUZc7g4LyXnNPADhPCaV,33,lhr1,,,,prj_PAwuZqUlS4eGx1sCEhCWZXzRjYGY,,,,,
2026-02-24 16:11:52,1771949512979,gcgyms.com/sw.js,GET,,307,nrcbq-1771949512979-ff2fd4947aa2,"Mozilla/5.0 (Linux; Android 10; K) AppleWebKit/537.36 (KHTML, like Gecko) Chrome/145.0.0.0 Mobile Safari/537.36",,production,main,,middleware,/_middleware,gcgyms.com,coach-qwq7kju50-adamswbrowns-projects.vercel.app,dpl_5Zyw9UsEzUZc7g4LyXnNPADhPCaV,10,lhr1,248,2048,,prj_PAwuZqUlS4eGx1sCEhCWZXzRjYGY,,,01KJ86QP8SBM5VR4QTQZ6S4S78,VkQ5WJTqLzYd,1
2026-02-24 16:11:52,1771949512979,gcgyms.com/sw.js,GET,,307,nrcbq-1771949512979-ff2fd4947aa2,"Mozilla/5.0 (Linux; Android 10; K) AppleWebKit/537.36 (KHTML, like Gecko) Chrome/145.0.0.0 Mobile Safari/537.36",,production,main,,redirect,/sw.js,gcgyms.com,coach-qwq7kju50-adamswbrowns-projects.vercel.app,dpl_5Zyw9UsEzUZc7g4LyXnNPADhPCaV,27,lhr1,,,,prj_PAwuZqUlS4eGx1sCEhCWZXzRjYGY,,,,,
2026-02-24 16:11:51,1771949511179,gcgyms.com/api/auth/error,GET,error=Configuration&nxtPnextauth=error,500,skq5q-1771949511179-fb7cf20b0c4a,"Mozilla/5.0 (Linux; Android 10; K) AppleWebKit/537.36 (KHTML, like Gecko) Chrome/145.0.0.0 Mobile Safari/537.36",,production,main,MISS,function,/api/auth/[...nextauth],gcgyms.com,coach-qwq7kju50-adamswbrowns-projects.vercel.app,dpl_5Zyw9UsEzUZc7g4LyXnNPADhPCaV,55,iad1,284,2048,,prj_PAwuZqUlS4eGx1sCEhCWZXzRjYGY,,,01KJ86QMJE27D3F99DHW5B94HN,gyshtLteauNR,1
2026-02-24 16:11:51,1771949511179,gcgyms.com/api/auth/error,GET,error=Configuration&nxtPnextauth=error,500,skq5q-1771949511179-fb7cf20b0c4a,"Mozilla/5.0 (Linux; Android 10; K) AppleWebKit/537.36 (KHTML, like Gecko) Chrome/145.0.0.0 Mobile Safari/537.36",,production,main,MISS,middleware,/_middleware,gcgyms.com,coach-qwq7kju50-adamswbrowns-projects.vercel.app,dpl_5Zyw9UsEzUZc7g4LyXnNPADhPCaV,7,lhr1,247,2048,,prj_PAwuZqUlS4eGx1sCEhCWZXzRjYGY,,,01KJ86QMGGSZF7SZN11Q4HH2JY,VkQ5WJTqLzYd,1
2026-02-24 16:11:50,1771949510230,gcgyms.com/sw.js,GET,,307,dk5xp-1771949510230-f1f08e29cb34,"Mozilla/5.0 (Linux; Android 10; K) AppleWebKit/537.36 (KHTML, like Gecko) Chrome/145.0.0.0 Mobile Safari/537.36",,production,main,,middleware,/_middleware,gcgyms.com,coach-qwq7kju50-adamswbrowns-projects.vercel.app,dpl_5Zyw9UsEzUZc7g4LyXnNPADhPCaV,9,lhr1,247,2048,,prj_PAwuZqUlS4eGx1sCEhCWZXzRjYGY,,,01KJ86QKJVT4HC5TYH3MZFWZNK,VkQ5WJTqLzYd,1
2026-02-24 16:11:50,1771949510230,gcgyms.com/sw.js,GET,,307,dk5xp-1771949510230-f1f08e29cb34,"Mozilla/5.0 (Linux; Android 10; K) AppleWebKit/537.36 (KHTML, like Gecko) Chrome/145.0.0.0 Mobile Safari/537.36",,production,main,,redirect,/sw.js,gcgyms.com,coach-qwq7kju50-adamswbrowns-projects.vercel.app,dpl_5Zyw9UsEzUZc7g4LyXnNPADhPCaV,27,lhr1,,,,prj_PAwuZqUlS4eGx1sCEhCWZXzRjYGY,,,,,
2026-02-24 16:11:48,1771949508294,gcgyms.com/api/auth/error,GET,error=Configuration,500,v2wl5-1771949508294-f3593881c2e1,"Mozilla/5.0 (Linux; Android 10; K) AppleWebKit/537.36 (KHTML, like Gecko) Chrome/145.0.0.0 Mobile Safari/537.36",,production,main,MISS,middleware,/_middleware,gcgyms.com,coach-qwq7kju50-adamswbrowns-projects.vercel.app,dpl_5Zyw9UsEzUZc7g4LyXnNPADhPCaV,7,lhr1,247,2048,,prj_PAwuZqUlS4eGx1sCEhCWZXzRjYGY,,,01KJ86QHP94Z90HT8G6FEZ4735,VkQ5WJTqLzYd,1
2026-02-24 16:11:48,1771949508294,gcgyms.com/api/auth/error,GET,error=Configuration,500,v2wl5-1771949508294-f3593881c2e1,"Mozilla/5.0 (Linux; Android 10; K) AppleWebKit/537.36 (KHTML, like Gecko) Chrome/145.0.0.0 Mobile Safari/537.36",,production,main,MISS,function,/api/auth/[...nextauth],gcgyms.com,coach-qwq7kju50-adamswbrowns-projects.vercel.app,dpl_5Zyw9UsEzUZc7g4LyXnNPADhPCaV,15,iad1,283,2048,,prj_PAwuZqUlS4eGx1sCEhCWZXzRjYGY,,,01KJ86QHR34E1ZXXPXQYRN6XX8,gyshtLteauNR,1
2026-02-24 16:11:48,1771949508003,gcgyms.com/api/auth/callback/google,GET,code=4%2F0AfrIepDXzTT3gIHCuomoESl8RpnkncGBOC012sWHVOsoOCgoYxb0iS9ezNKro_aWBbka4A&scope=email+profile+https%3A%2F%2Fwww.googleapis.com%2Fauth%2Fuserinfo.email+https%3A%2F%2Fwww.googleapis.com%2Fauth%2Fuserinfo.profile+openid&authuser=3&hd=gcgyms.com&prompt=none,302,v2wl5-1771949507826-cecec64d2274,"Mozilla/5.0 (Linux; Android 10; K) AppleWebKit/537.36 (KHTML, like Gecko) Chrome/145.0.0.0 Mobile Safari/537.36",error,production,main,MISS,function,/api/auth/[...nextauth],gcgyms.com,gcgyms.com,dpl_5Zyw9UsEzUZc7g4LyXnNPADhPCaV,,,,,[31m[auth][error][0m InvalidCheck: pkceCodeVerifier value could not be parsed. Read more at https://errors.authjs.dev#invalidcheck,prj_PAwuZqUlS4eGx1sCEhCWZXzRjYGY,,,,,
2026-02-24 16:11:48,1771949508012,gcgyms.com/api/auth/callback/google,GET,code=4%2F0AfrIepDXzTT3gIHCuomoESl8RpnkncGBOC012sWHVOsoOCgoYxb0iS9ezNKro_aWBbka4A&scope=email+profile+https%3A%2F%2Fwww.googleapis.com%2Fauth%2Fuserinfo.email+https%3A%2F%2Fwww.googleapis.com%2Fauth%2Fuserinfo.profile+openid&authuser=3&hd=gcgyms.com&prompt=none,302,v2wl5-1771949507826-cecec64d2274,"Mozilla/5.0 (Linux; Android 10; K) AppleWebKit/537.36 (KHTML, like Gecko) Chrome/145.0.0.0 Mobile Safari/537.36",error,production,main,MISS,function,/api/auth/[...nextauth],gcgyms.com,gcgyms.com,dpl_5Zyw9UsEzUZc7g4LyXnNPADhPCaV,,,,,"at aZ (/var/task/.next/server/chunks/_41c48e89._.js:404:24506)
    at Object.use (/var/task/.next/server/chunks/_41c48e89._.js:404:24914)
    at a9 (/var/task/.next/server/chunks/_41c48e89._.js:404:30914)
    at process.processTicksAndRejections (node:internal/process/task_queues:103:5)
    at async id (/var/task/.next/server/chunks/_41c48e89._.js:404:38098)
    at async iv (/var/task/.next/server/chunks/_41c48e89._.js:404:49929)
    at async iE (/var/task/.next/server/chunks/_41c48e89._.js:404:54610)
    at async rU.do (/var/task/node_modules/next/dist/compiled/next-server/app-route-turbo.runtime.prod.js:5:20169)
    at async rU.handle (/var/task/node_modules/next/dist/compiled/next-server/app-route-turbo.runtime.prod.js:5:24949)
    at async d (/var/task/.next/server/chunks/[root-of-the-server]__217011b4._.js:1:4826)",prj_PAwuZqUlS4eGx1sCEhCWZXzRjYGY,,,,,
2026-02-24 16:11:47,1771949507826,gcgyms.com/api/auth/callback/google,GET,code=4%2F0AfrIepDXzTT3gIHCuomoESl8RpnkncGBOC012sWHVOsoOCgoYxb0iS9ezNKro_aWBbka4A&scope=email+profile+https%3A%2F%2Fwww.googleapis.com%2Fauth%2Fuserinfo.email+https%3A%2F%2Fwww.googleapis.com%2Fauth%2Fuserinfo.profile+openid&authuser=3&hd=gcgyms.com&prompt=none,302,v2wl5-1771949507826-cecec64d2274,"Mozilla/5.0 (Linux; Android 10; K) AppleWebKit/537.36 (KHTML, like Gecko) Chrome/145.0.0.0 Mobile Safari/537.36",,production,main,MISS,middleware,/_middleware,gcgyms.com,gcgyms.com,dpl_5Zyw9UsEzUZc7g4LyXnNPADhPCaV,7,lhr1,247,2048,,prj_PAwuZqUlS4eGx1sCEhCWZXzRjYGY,,,01KJ86QH7TX2CXD3AFG2FWYK6F,VkQ5WJTqLzYd,1
2026-02-24 16:11:47,1771949507826,gcgyms.com/api/auth/callback/google,GET,code=4%2F0AfrIepDXzTT3gIHCuomoESl8RpnkncGBOC012sWHVOsoOCgoYxb0iS9ezNKro_aWBbka4A&scope=email+profile+https%3A%2F%2Fwww.googleapis.com%2Fauth%2Fuserinfo.email+https%3A%2F%2Fwww.googleapis.com%2Fauth%2Fuserinfo.profile+openid&authuser=3&hd=gcgyms.com&prompt=none,302,v2wl5-1771949507826-cecec64d2274,"Mozilla/5.0 (Linux; Android 10; K) AppleWebKit/537.36 (KHTML, like Gecko) Chrome/145.0.0.0 Mobile Safari/537.36",,production,main,MISS,function,/api/auth/[...nextauth],gcgyms.com,gcgyms.com,dpl_5Zyw9UsEzUZc7g4LyXnNPADhPCaV,111,iad1,294,2048,,prj_PAwuZqUlS4eGx1sCEhCWZXzRjYGY,,,01KJ86QH9N7R49GN2M5DKF9BH6,gyshtLteauNR,1
2026-02-24 16:11:42,1771949502319,coach-fit-eight.vercel.app/api/auth/signin/google,POST,nxtPnextauth=signin%2Fgoogle,200,5s4jl-1771949502319-9733487ba0c8,"Mozilla/5.0 (Linux; Android 10; K) AppleWebKit/537.36 (KHTML, like Gecko) Chrome/145.0.0.0 Mobile Safari/537.36",,production,main,MISS,middleware,/_middleware,coach-fit-eight.vercel.app,coach-qwq7kju50-adamswbrowns-projects.vercel.app,dpl_5Zyw9UsEzUZc7g4LyXnNPADhPCaV,10,lhr1,245,2048,,prj_PAwuZqUlS4eGx1sCEhCWZXzRjYGY,,,01KJ86QBVHRVZRHM5BC60R6K6Z,VkQ5WJTqLzYd,1
2026-02-24 16:11:42,1771949502319,coach-fit-eight.vercel.app/api/auth/signin/google,POST,nxtPnextauth=signin%2Fgoogle,200,5s4jl-1771949502319-9733487ba0c8,"Mozilla/5.0 (Linux; Android 10; K) AppleWebKit/537.36 (KHTML, like Gecko) Chrome/145.0.0.0 Mobile Safari/537.36",,production,main,MISS,function,/api/auth/[...nextauth],coach-fit-eight.vercel.app,coach-qwq7kju50-adamswbrowns-projects.vercel.app,dpl_5Zyw9UsEzUZc7g4LyXnNPADhPCaV,94,iad1,282,2048,,prj_PAwuZqUlS4eGx1sCEhCWZXzRjYGY,,,01KJ86QBXMMXMFHWKSQJ6XD4GS,gyshtLteauNR,1
2026-02-24 16:11:42,1771949502047,coach-fit-eight.vercel.app/api/auth/csrf,GET,nxtPnextauth=csrf,200,5s4jl-1771949502047-3663c2739931,"Mozilla/5.0 (Linux; Android 10; K) AppleWebKit/537.36 (KHTML, like Gecko) Chrome/145.0.0.0 Mobile Safari/537.36",,production,main,MISS,middleware,/_middleware,coach-fit-eight.vercel.app,coach-qwq7kju50-adamswbrowns-projects.vercel.app,dpl_5Zyw9UsEzUZc7g4LyXnNPADhPCaV,17,lhr1,243,2048,,prj_PAwuZqUlS4eGx1sCEhCWZXzRjYGY,,,01KJ86QBK2YMXQKAQBWG0RHWM8,VkQ5WJTqLzYd,1
2026-02-24 16:11:42,1771949502047,coach-fit-eight.vercel.app/api/auth/csrf,GET,nxtPnextauth=csrf,200,5s4jl-1771949502047-3663c2739931,"Mozilla/5.0 (Linux; Android 10; K) AppleWebKit/537.36 (KHTML, like Gecko) Chrome/145.0.0.0 Mobile Safari/537.36",,production,main,MISS,function,/api/auth/[...nextauth],coach-fit-eight.vercel.app,coach-qwq7kju50-adamswbrowns-projects.vercel.app,dpl_5Zyw9UsEzUZc7g4LyXnNPADhPCaV,17,iad1,275,2048,,prj_PAwuZqUlS4eGx1sCEhCWZXzRjYGY,,,01KJ86QBN92ZCPAECZKRTDZ7FX,gyshtLteauNR,1
2026-02-24 16:11:41,1771949501564,coach-fit-eight.vercel.app/api/auth/providers,GET,nxtPnextauth=providers,200,wxxq5-1771949501564-4008b0bf29d8,"Mozilla/5.0 (Linux; Android 10; K) AppleWebKit/537.36 (KHTML, like Gecko) Chrome/145.0.0.0 Mobile Safari/537.36",,production,main,MISS,middleware,/_middleware,coach-fit-eight.vercel.app,coach-qwq7kju50-adamswbrowns-projects.vercel.app,dpl_5Zyw9UsEzUZc7g4LyXnNPADhPCaV,10,lhr1,240,2048,,prj_PAwuZqUlS4eGx1sCEhCWZXzRjYGY,,,01KJ86QB46HCJWHFDFQGZKGMZP,VkQ5WJTqLzYd,1
2026-02-24 16:11:41,1771949501564,coach-fit-eight.vercel.app/api/auth/providers,GET,nxtPnextauth=providers,200,wxxq5-1771949501564-4008b0bf29d8,"Mozilla/5.0 (Linux; Android 10; K) AppleWebKit/537.36 (KHTML, like Gecko) Chrome/145.0.0.0 Mobile Safari/537.36",,production,main,MISS,function,/api/auth/[...nextauth],coach-fit-eight.vercel.app,coach-qwq7kju50-adamswbrowns-projects.vercel.app,dpl_5Zyw9UsEzUZc7g4LyXnNPADhPCaV,102,iad1,275,2048,,prj_PAwuZqUlS4eGx1sCEhCWZXzRjYGY,,,01KJ86QB6FVSSB7RQAYHKR4BST,gyshtLteauNR,1
2026-02-24 16:11:38,1771949498944,coach-fit-eight.vercel.app/signup,GET,_rsc=yuv3p,200,f9wbr-1771949498944-e1ab3a9eed7b,"Mozilla/5.0 (Linux; Android 10; K) AppleWebKit/537.36 (KHTML, like Gecko) Chrome/145.0.0.0 Mobile Safari/537.36",,production,main,HIT,middleware,/_middleware,coach-fit-eight.vercel.app,coach-qwq7kju50-adamswbrowns-projects.vercel.app,dpl_5Zyw9UsEzUZc7g4LyXnNPADhPCaV,9,lhr1,239,2048,,prj_PAwuZqUlS4eGx1sCEhCWZXzRjYGY,,,01KJ86Q8J4PYZXTWXMGYYY8WC9,oG9YIo6GJq16,1
2026-02-24 16:11:38,1771949498944,coach-fit-eight.vercel.app/signup,GET,_rsc=yuv3p,200,f9wbr-1771949498944-e1ab3a9eed7b,"Mozilla/5.0 (Linux; Android 10; K) AppleWebKit/537.36 (KHTML, like Gecko) Chrome/145.0.0.0 Mobile Safari/537.36",,production,main,HIT,static,/signup.segments/signup/__PAGE__.segment,coach-fit-eight.vercel.app,coach-qwq7kju50-adamswbrowns-projects.vercel.app,dpl_5Zyw9UsEzUZc7g4LyXnNPADhPCaV,307,lhr1,,,,prj_PAwuZqUlS4eGx1sCEhCWZXzRjYGY,,,,,
2026-02-24 16:11:38,1771949498944,coach-fit-eight.vercel.app/signup,GET,_rsc=4c4j4,200,6ghct-1771949498944-e9ecaacadd72,"Mozilla/5.0 (Linux; Android 10; K) AppleWebKit/537.36 (KHTML, like Gecko) Chrome/145.0.0.0 Mobile Safari/537.36",,production,main,HIT,middleware,/_middleware,coach-fit-eight.vercel.app,coach-qwq7kju50-adamswbrowns-projects.vercel.app,dpl_5Zyw9UsEzUZc7g4LyXnNPADhPCaV,13,lhr1,239,2048,,prj_PAwuZqUlS4eGx1sCEhCWZXzRjYGY,,,01KJ86Q8JSQRWG069D5NA6X62C,VkQ5WJTqLzYd,1
2026-02-24 16:11:38,1771949498944,coach-fit-eight.vercel.app/signup,GET,_rsc=4c4j4,200,6ghct-1771949498944-e9ecaacadd72,"Mozilla/5.0 (Linux; Android 10; K) AppleWebKit/537.36 (KHTML, like Gecko) Chrome/145.0.0.0 Mobile Safari/537.36",,production,main,HIT,static,/signup.segments/_index.segment,coach-fit-eight.vercel.app,coach-qwq7kju50-adamswbrowns-projects.vercel.app,dpl_5Zyw9UsEzUZc7g4LyXnNPADhPCaV,381,lhr1,,,,prj_PAwuZqUlS4eGx1sCEhCWZXzRjYGY,,,,,
2026-02-24 16:11:38,1771949498944,coach-fit-eight.vercel.app/signup,GET,_rsc=m8m8p,200,5s4jl-1771949498944-a9041037baef,"Mozilla/5.0 (Linux; Android 10; K) AppleWebKit/537.36 (KHTML, like Gecko) Chrome/145.0.0.0 Mobile Safari/537.36",,production,main,HIT,middleware,/_middleware,coach-fit-eight.vercel.app,coach-qwq7kju50-adamswbrowns-projects.vercel.app,dpl_5Zyw9UsEzUZc7g4LyXnNPADhPCaV,8,lhr1,250,2048,,prj_PAwuZqUlS4eGx1sCEhCWZXzRjYGY,,,01KJ86Q8J33Y954G5G0MTQ99A8,Df7rbvpZJzVu,1
2026-02-24 16:11:38,1771949498944,coach-fit-eight.vercel.app/signup,GET,_rsc=m8m8p,200,5s4jl-1771949498944-a9041037baef,"Mozilla/5.0 (Linux; Android 10; K) AppleWebKit/537.36 (KHTML, like Gecko) Chrome/145.0.0.0 Mobile Safari/537.36",,production,main,HIT,static,/signup.segments/_head.segment,coach-fit-eight.vercel.app,coach-qwq7kju50-adamswbrowns-projects.vercel.app,dpl_5Zyw9UsEzUZc7g4LyXnNPADhPCaV,316,lhr1,,,,prj_PAwuZqUlS4eGx1sCEhCWZXzRjYGY,,,,,
2026-02-24 16:11:38,1771949498944,coach-fit-eight.vercel.app/signup,GET,_rsc=1ijlu,200,2h256-1771949498944-1d961ab885d7,"Mozilla/5.0 (Linux; Android 10; K) AppleWebKit/537.36 (KHTML, like Gecko) Chrome/145.0.0.0 Mobile Safari/537.36",,production,main,HIT,middleware,/_middleware,coach-fit-eight.vercel.app,coach-qwq7kju50-adamswbrowns-projects.vercel.app,dpl_5Zyw9UsEzUZc7g4LyXnNPADhPCaV,9,lhr1,238,2048,,prj_PAwuZqUlS4eGx1sCEhCWZXzRjYGY,,,01KJ86Q8J4PYZXTWXMGYF9M9MG,VkQ5WJTqLzYd,1
2026-02-24 16:11:38,1771949498944,coach-fit-eight.vercel.app/signup,GET,_rsc=1ijlu,200,2h256-1771949498944-1d961ab885d7,"Mozilla/5.0 (Linux; Android 10; K) AppleWebKit/537.36 (KHTML, like Gecko) Chrome/145.0.0.0 Mobile Safari/537.36",,production,main,HIT,static,/signup.segments/signup.segment,coach-fit-eight.vercel.app,coach-qwq7kju50-adamswbrowns-projects.vercel.app,dpl_5Zyw9UsEzUZc7g4LyXnNPADhPCaV,312,lhr1,,,,prj_PAwuZqUlS4eGx1sCEhCWZXzRjYGY,,,,,
2026-02-24 16:11:38,1771949498338,coach-fit-eight.vercel.app/coachfit-logo-login.png,GET,,200,vtl2t-1771949498338-f3b70be6b035,"Mozilla/5.0 (Linux; Android 10; K) AppleWebKit/537.36 (KHTML, like Gecko) Chrome/145.0.0.0 Mobile Safari/537.36",,production,main,HIT,middleware,/_middleware,coach-fit-eight.vercel.app,coach-qwq7kju50-adamswbrowns-projects.vercel.app,dpl_5Zyw9UsEzUZc7g4LyXnNPADhPCaV,380,lhr1,238,2048,,prj_PAwuZqUlS4eGx1sCEhCWZXzRjYGY,,,01KJ86Q7Z6TN8B1KXEXZQMW55A,oG9YIo6GJq16,1
2026-02-24 16:11:38,1771949498338,coach-fit-eight.vercel.app/coachfit-logo-login.png,GET,,200,vtl2t-1771949498338-f3b70be6b035,"Mozilla/5.0 (Linux; Android 10; K) AppleWebKit/537.36 (KHTML, like Gecko) Chrome/145.0.0.0 Mobile Safari/537.36",,production,main,HIT,static,/coachfit-logo-login.png,coach-fit-eight.vercel.app,coach-qwq7kju50-adamswbrowns-projects.vercel.app,dpl_5Zyw9UsEzUZc7g4LyXnNPADhPCaV,52,lhr1,,,,prj_PAwuZqUlS4eGx1sCEhCWZXzRjYGY,,,,,
2026-02-24 16:11:38,1771949498337,coach-fit-eight.vercel.app/api/auth/session,GET,nxtPnextauth=session,200,x5cdh-1771949498337-2ba911f04168,"Mozilla/5.0 (Linux; Android 10; K) AppleWebKit/537.36 (KHTML, like Gecko) Chrome/145.0.0.0 Mobile Safari/537.36",,production,main,MISS,middleware,/_middleware,coach-fit-eight.vercel.app,coach-qwq7kju50-adamswbrowns-projects.vercel.app,dpl_5Zyw9UsEzUZc7g4LyXnNPADhPCaV,7,lhr1,249,2048,,prj_PAwuZqUlS4eGx1sCEhCWZXzRjYGY,,,01KJ86Q7Z4A3WCFBW17YWKPG4Y,Df7rbvpZJzVu,1
2026-02-24 16:11:38,1771949498337,coach-fit-eight.vercel.app/api/auth/session,GET,nxtPnextauth=session,200,x5cdh-1771949498337-2ba911f04168,"Mozilla/5.0 (Linux; Android 10; K) AppleWebKit/537.36 (KHTML, like Gecko) Chrome/145.0.0.0 Mobile Safari/537.36",,production,main,MISS,function,/api/auth/[...nextauth],coach-fit-eight.vercel.app,coach-qwq7kju50-adamswbrowns-projects.vercel.app,dpl_5Zyw9UsEzUZc7g4LyXnNPADhPCaV,53,iad1,269,2048,,prj_PAwuZqUlS4eGx1sCEhCWZXzRjYGY,,,01KJ86Q810N7EB5QSYS5E0JBT3,gyshtLteauNR,1
2026-02-24 16:11:38,1771949498337,coach-fit-eight.vercel.app/signup,GET,_rsc=17yrj,200,5s4jl-1771949498337-814dd4a8860a,"Mozilla/5.0 (Linux; Android 10; K) AppleWebKit/537.36 (KHTML, like Gecko) Chrome/145.0.0.0 Mobile Safari/537.36",,production,main,HIT,middleware,/_middleware,coach-fit-eight.vercel.app,coach-qwq7kju50-adamswbrowns-projects.vercel.app,dpl_5Zyw9UsEzUZc7g4LyXnNPADhPCaV,360,lhr1,237,2048,,prj_PAwuZqUlS4eGx1sCEhCWZXzRjYGY,,,01KJ86Q7Z77PKDDM1SBFYGZQBW,VkQ5WJTqLzYd,1
2026-02-24 16:11:38,1771949498337,coach-fit-eight.vercel.app/signup,GET,_rsc=17yrj,200,5s4jl-1771949498337-814dd4a8860a,"Mozilla/5.0 (Linux; Android 10; K) AppleWebKit/537.36 (KHTML, like Gecko) Chrome/145.0.0.0 Mobile Safari/537.36",,production,main,HIT,static,/signup.segments/_tree.segment,coach-fit-eight.vercel.app,coach-qwq7kju50-adamswbrowns-projects.vercel.app,dpl_5Zyw9UsEzUZc7g4LyXnNPADhPCaV,507,lhr1,,,,prj_PAwuZqUlS4eGx1sCEhCWZXzRjYGY,,,,,
2026-02-24 16:11:37,1771949497930,coach-fit-eight.vercel.app/login,GET,callbackUrl=%2Fmanifest.json,200,tw85w-1771949497930-14707a52d7be,"Mozilla/5.0 (Linux; Android 10; K) AppleWebKit/537.36 (KHTML, like Gecko) Chrome/145.0.0.0 Mobile Safari/537.36",,production,main,HIT,middleware,/_middleware,coach-fit-eight.vercel.app,coach-qwq7kju50-adamswbrowns-projects.vercel.app,dpl_5Zyw9UsEzUZc7g4LyXnNPADhPCaV,7,lhr1,249,2048,,prj_PAwuZqUlS4eGx1sCEhCWZXzRjYGY,,,01KJ86Q7JFTK6162P971B9T6VH,Df7rbvpZJzVu,1
2026-02-24 16:11:37,1771949497930,coach-fit-eight.vercel.app/login,GET,callbackUrl=%2Fmanifest.json,200,tw85w-1771949497930-14707a52d7be,"Mozilla/5.0 (Linux; Android 10; K) AppleWebKit/537.36 (KHTML, like Gecko) Chrome/145.0.0.0 Mobile Safari/537.36",,production,main,HIT,static,/login,coach-fit-eight.vercel.app,coach-qwq7kju50-adamswbrowns-projects.vercel.app,dpl_5Zyw9UsEzUZc7g4LyXnNPADhPCaV,27,lhr1,,,,prj_PAwuZqUlS4eGx1sCEhCWZXzRjYGY,,,,,
2026-02-24 16:11:37,1771949497800,coach-fit-eight.vercel.app/manifest.json,GET,,307,tw85w-1771949497800-4e2a56e05dff,"Mozilla/5.0 (Linux; Android 10; K) AppleWebKit/537.36 (KHTML, like Gecko) Chrome/145.0.0.0 Mobile Safari/537.36",,production,main,,middleware,/_middleware,coach-fit-eight.vercel.app,coach-qwq7kju50-adamswbrowns-projects.vercel.app,dpl_5Zyw9UsEzUZc7g4LyXnNPADhPCaV,8,lhr1,248,2048,,prj_PAwuZqUlS4eGx1sCEhCWZXzRjYGY,,,01KJ86Q7EFTF8VVRK4CAMZ9SCS,Df7rbvpZJzVu,1
2026-02-24 16:11:37,1771949497800,coach-fit-eight.vercel.app/manifest.json,GET,,307,tw85w-1771949497800-4e2a56e05dff,"Mozilla/5.0 (Linux; Android 10; K) AppleWebKit/537.36 (KHTML, like Gecko) Chrome/145.0.0.0 Mobile Safari/537.36",,production,main,,redirect,/manifest.json,coach-fit-eight.vercel.app,coach-qwq7kju50-adamswbrowns-projects.vercel.app,dpl_5Zyw9UsEzUZc7g4LyXnNPADhPCaV,27,lhr1,,,,prj_PAwuZqUlS4eGx1sCEhCWZXzRjYGY,,,,,
2026-02-24 16:11:37,1771949497675,coach-fit-eight.vercel.app/icons/apple-touch-icon.png,GET,,200,x5cdh-1771949497675-c6e6364e7bed,"Mozilla/5.0 (Linux; Android 10; K) AppleWebKit/537.36 (KHTML, like Gecko) Chrome/145.0.0.0 Mobile Safari/537.36",,production,main,HIT,middleware,/_middleware,coach-fit-eight.vercel.app,coach-qwq7kju50-adamswbrowns-projects.vercel.app,dpl_5Zyw9UsEzUZc7g4LyXnNPADhPCaV,12,lhr1,244,2048,,prj_PAwuZqUlS4eGx1sCEhCWZXzRjYGY,,,01KJ86Q7AFSRGRBZ4K5X4RG1NA,Df7rbvpZJzVu,1
2026-02-24 16:11:37,1771949497675,coach-fit-eight.vercel.app/icons/apple-touch-icon.png,GET,,200,x5cdh-1771949497675-c6e6364e7bed,"Mozilla/5.0 (Linux; Android 10; K) AppleWebKit/537.36 (KHTML, like Gecko) Chrome/145.0.0.0 Mobile Safari/537.36",,production,main,HIT,static,/icons/apple-touch-icon.png,coach-fit-eight.vercel.app,coach-qwq7kju50-adamswbrowns-projects.vercel.app,dpl_5Zyw9UsEzUZc7g4LyXnNPADhPCaV,65,lhr1,,,,prj_PAwuZqUlS4eGx1sCEhCWZXzRjYGY,,,,,
2026-02-24 16:11:37,1771949497675,coach-fit-eight.vercel.app/sw.js,GET,,307,vtl2t-1771949497675-6156099f82d8,"Mozilla/5.0 (Linux; Android 10; K) AppleWebKit/537.36 (KHTML, like Gecko) Chrome/145.0.0.0 Mobile Safari/537.36",,production,main,,middleware,/_middleware,coach-fit-eight.vercel.app,coach-qwq7kju50-adamswbrowns-projects.vercel.app,dpl_5Zyw9UsEzUZc7g4LyXnNPADhPCaV,11,lhr1,243,2048,,prj_PAwuZqUlS4eGx1sCEhCWZXzRjYGY,,,01KJ86Q7AGTJDB2AEJ5B37HZDA,Df7rbvpZJzVu,1
2026-02-24 16:11:37,1771949497675,coach-fit-eight.vercel.app/sw.js,GET,,307,vtl2t-1771949497675-6156099f82d8,"Mozilla/5.0 (Linux; Android 10; K) AppleWebKit/537.36 (KHTML, like Gecko) Chrome/145.0.0.0 Mobile Safari/537.36",,production,main,,redirect,/sw.js,coach-fit-eight.vercel.app,coach-qwq7kju50-adamswbrowns-projects.vercel.app,dpl_5Zyw9UsEzUZc7g4LyXnNPADhPCaV,33,lhr1,,,,prj_PAwuZqUlS4eGx1sCEhCWZXzRjYGY,,,,,
2026-02-24 16:11:37,1771949497659,coach-fit-eight.vercel.app/icons/icon-192x192.png,GET,,200,gvkpp-1771949497659-f27ea92831cd,"Mozilla/5.0 (Linux; Android 10; K) AppleWebKit/537.36 (KHTML, like Gecko) Chrome/145.0.0.0 Mobile Safari/537.36",,production,main,HIT,middleware,/_middleware,coach-fit-eight.vercel.app,coach-qwq7kju50-adamswbrowns-projects.vercel.app,dpl_5Zyw9UsEzUZc7g4LyXnNPADhPCaV,7,lhr1,243,2048,,prj_PAwuZqUlS4eGx1sCEhCWZXzRjYGY,,,01KJ86Q79ZNKQRS3P2MGYWPZWP,Df7rbvpZJzVu,1
2026-02-24 16:11:37,1771949497659,coach-fit-eight.vercel.app/icons/icon-192x192.png,GET,,200,gvkpp-1771949497659-f27ea92831cd,"Mozilla/5.0 (Linux; Android 10; K) AppleWebKit/537.36 (KHTML, like Gecko) Chrome/145.0.0.0 Mobile Safari/537.36",,production,main,HIT,static,/icons/icon-192x192.png,coach-fit-eight.vercel.app,coach-qwq7kju50-adamswbrowns-projects.vercel.app,dpl_5Zyw9UsEzUZc7g4LyXnNPADhPCaV,33,lhr1,,,,prj_PAwuZqUlS4eGx1sCEhCWZXzRjYGY,,,,,
2026-02-24 16:11:37,1771949497651,coach-fit-eight.vercel.app/api/auth/session,GET,nxtPnextauth=session,200,6ghct-1771949497651-10bba1e2300d,"Mozilla/5.0 (Linux; Android 10; K) AppleWebKit/537.36 (KHTML, like Gecko) Chrome/145.0.0.0 Mobile Safari/537.36",,production,main,MISS,function,/api/auth/[...nextauth],coach-fit-eight.vercel.app,coach-qwq7kju50-adamswbrowns-projects.vercel.app,dpl_5Zyw9UsEzUZc7g4LyXnNPADhPCaV,215,iad1,267,2048,,prj_PAwuZqUlS4eGx1sCEhCWZXzRjYGY,,,01KJ86Q7GKXYP00R1VTE4QC2E0,gyshtLteauNR,1
2026-02-24 16:11:37,1771949497651,coach-fit-eight.vercel.app/api/auth/session,GET,nxtPnextauth=session,200,6ghct-1771949497651-10bba1e2300d,"Mozilla/5.0 (Linux; Android 10; K) AppleWebKit/537.36 (KHTML, like Gecko) Chrome/145.0.0.0 Mobile Safari/537.36",,production,main,MISS,middleware,/_middleware,coach-fit-eight.vercel.app,coach-qwq7kju50-adamswbrowns-projects.vercel.app,dpl_5Zyw9UsEzUZc7g4LyXnNPADhPCaV,8,lhr1,242,2048,,prj_PAwuZqUlS4eGx1sCEhCWZXzRjYGY,,,01KJ86Q79PKKMZS24HS0MW45T5,Df7rbvpZJzVu,1
2026-02-24 16:11:36,1771949496471,coach-fit-eight.vercel.app/login,GET,,200,85rc9-1771949496471-fbc694c0f515,"Mozilla/5.0 (Linux; Android 10; K) AppleWebKit/537.36 (KHTML, like Gecko) Chrome/145.0.0.0 Mobile Safari/537.36",,production,main,HIT,middleware,/_middleware,coach-fit-eight.vercel.app,coach-qwq7kju50-adamswbrowns-projects.vercel.app,dpl_5Zyw9UsEzUZc7g4LyXnNPADhPCaV,33,lhr1,241,2048,,prj_PAwuZqUlS4eGx1sCEhCWZXzRjYGY,,,01KJ86Q654NAWPFR9BR7PWMRMV,Df7rbvpZJzVu,1
2026-02-24 16:11:36,1771949496471,coach-fit-eight.vercel.app/login,GET,,200,85rc9-1771949496471-fbc694c0f515,"Mozilla/5.0 (Linux; Android 10; K) AppleWebKit/537.36 (KHTML, like Gecko) Chrome/145.0.0.0 Mobile Safari/537.36",,production,main,HIT,static,/login,coach-fit-eight.vercel.app,coach-qwq7kju50-adamswbrowns-projects.vercel.app,dpl_5Zyw9UsEzUZc7g4LyXnNPADhPCaV,539,lhr1,,,,prj_PAwuZqUlS4eGx1sCEhCWZXzRjYGY,,,,,
